</home/chrzissis/cclyzer-souffle/tests/coreutils-8.24/chown.bc>:!99	0	</home/chrzissis/cclyzer-souffle/tests/coreutils-8.24/chown.bc>:!101
</home/chrzissis/cclyzer-souffle/tests/coreutils-8.24/chown.bc>:!99	1	</home/chrzissis/cclyzer-souffle/tests/coreutils-8.24/chown.bc>:!102
</home/chrzissis/cclyzer-souffle/tests/coreutils-8.24/chown.bc>:!106	0	</home/chrzissis/cclyzer-souffle/tests/coreutils-8.24/chown.bc>:!108
</home/chrzissis/cclyzer-souffle/tests/coreutils-8.24/chown.bc>:!106	1	</home/chrzissis/cclyzer-souffle/tests/coreutils-8.24/chown.bc>:!109
</home/chrzissis/cclyzer-souffle/tests/coreutils-8.24/chown.bc>:!99	2	</home/chrzissis/cclyzer-souffle/tests/coreutils-8.24/chown.bc>:!104
</home/chrzissis/cclyzer-souffle/tests/coreutils-8.24/chown.bc>:!99	3	</home/chrzissis/cclyzer-souffle/tests/coreutils-8.24/chown.bc>:!110
</home/chrzissis/cclyzer-souffle/tests/coreutils-8.24/chown.bc>:!99	4	</home/chrzissis/cclyzer-souffle/tests/coreutils-8.24/chown.bc>:!111
</home/chrzissis/cclyzer-souffle/tests/coreutils-8.24/chown.bc>:!99	5	</home/chrzissis/cclyzer-souffle/tests/coreutils-8.24/chown.bc>:!112
</home/chrzissis/cclyzer-souffle/tests/coreutils-8.24/chown.bc>:!99	6	</home/chrzissis/cclyzer-souffle/tests/coreutils-8.24/chown.bc>:!113
</home/chrzissis/cclyzer-souffle/tests/coreutils-8.24/chown.bc>:!136	0	</home/chrzissis/cclyzer-souffle/tests/coreutils-8.24/chown.bc>:!138
</home/chrzissis/cclyzer-souffle/tests/coreutils-8.24/chown.bc>:!136	1	</home/chrzissis/cclyzer-souffle/tests/coreutils-8.24/chown.bc>:!139
</home/chrzissis/cclyzer-souffle/tests/coreutils-8.24/chown.bc>:!136	2	</home/chrzissis/cclyzer-souffle/tests/coreutils-8.24/chown.bc>:!140
</home/chrzissis/cclyzer-souffle/tests/coreutils-8.24/chown.bc>:!136	3	</home/chrzissis/cclyzer-souffle/tests/coreutils-8.24/chown.bc>:!141
</home/chrzissis/cclyzer-souffle/tests/coreutils-8.24/chown.bc>:!136	4	</home/chrzissis/cclyzer-souffle/tests/coreutils-8.24/chown.bc>:!146
</home/chrzissis/cclyzer-souffle/tests/coreutils-8.24/chown.bc>:!136	5	</home/chrzissis/cclyzer-souffle/tests/coreutils-8.24/chown.bc>:!148
</home/chrzissis/cclyzer-souffle/tests/coreutils-8.24/chown.bc>:!136	6	</home/chrzissis/cclyzer-souffle/tests/coreutils-8.24/chown.bc>:!149
</home/chrzissis/cclyzer-souffle/tests/coreutils-8.24/chown.bc>:!136	7	</home/chrzissis/cclyzer-souffle/tests/coreutils-8.24/chown.bc>:!150
</home/chrzissis/cclyzer-souffle/tests/coreutils-8.24/chown.bc>:!136	8	</home/chrzissis/cclyzer-souffle/tests/coreutils-8.24/chown.bc>:!151
</home/chrzissis/cclyzer-souffle/tests/coreutils-8.24/chown.bc>:!136	9	</home/chrzissis/cclyzer-souffle/tests/coreutils-8.24/chown.bc>:!152
</home/chrzissis/cclyzer-souffle/tests/coreutils-8.24/chown.bc>:!136	10	</home/chrzissis/cclyzer-souffle/tests/coreutils-8.24/chown.bc>:!153
</home/chrzissis/cclyzer-souffle/tests/coreutils-8.24/chown.bc>:!136	11	</home/chrzissis/cclyzer-souffle/tests/coreutils-8.24/chown.bc>:!156
</home/chrzissis/cclyzer-souffle/tests/coreutils-8.24/chown.bc>:!136	12	</home/chrzissis/cclyzer-souffle/tests/coreutils-8.24/chown.bc>:!157
</home/chrzissis/cclyzer-souffle/tests/coreutils-8.24/chown.bc>:!136	13	</home/chrzissis/cclyzer-souffle/tests/coreutils-8.24/chown.bc>:!159
</home/chrzissis/cclyzer-souffle/tests/coreutils-8.24/chown.bc>:!136	14	</home/chrzissis/cclyzer-souffle/tests/coreutils-8.24/chown.bc>:!160
</home/chrzissis/cclyzer-souffle/tests/coreutils-8.24/chown.bc>:!136	15	</home/chrzissis/cclyzer-souffle/tests/coreutils-8.24/chown.bc>:!163
</home/chrzissis/cclyzer-souffle/tests/coreutils-8.24/chown.bc>:!136	16	</home/chrzissis/cclyzer-souffle/tests/coreutils-8.24/chown.bc>:!165
</home/chrzissis/cclyzer-souffle/tests/coreutils-8.24/chown.bc>:!136	17	</home/chrzissis/cclyzer-souffle/tests/coreutils-8.24/chown.bc>:!166
</home/chrzissis/cclyzer-souffle/tests/coreutils-8.24/chown.bc>:!169	0	</home/chrzissis/cclyzer-souffle/tests/coreutils-8.24/chown.bc>:!172
</home/chrzissis/cclyzer-souffle/tests/coreutils-8.24/chown.bc>:!169	1	</home/chrzissis/cclyzer-souffle/tests/coreutils-8.24/chown.bc>:!173
</home/chrzissis/cclyzer-souffle/tests/coreutils-8.24/chown.bc>:!169	2	</home/chrzissis/cclyzer-souffle/tests/coreutils-8.24/chown.bc>:!174
</home/chrzissis/cclyzer-souffle/tests/coreutils-8.24/chown.bc>:!169	3	</home/chrzissis/cclyzer-souffle/tests/coreutils-8.24/chown.bc>:!175
</home/chrzissis/cclyzer-souffle/tests/coreutils-8.24/chown.bc>:!169	4	</home/chrzissis/cclyzer-souffle/tests/coreutils-8.24/chown.bc>:!177
</home/chrzissis/cclyzer-souffle/tests/coreutils-8.24/chown.bc>:!169	5	</home/chrzissis/cclyzer-souffle/tests/coreutils-8.24/chown.bc>:!178
</home/chrzissis/cclyzer-souffle/tests/coreutils-8.24/chown.bc>:!169	6	</home/chrzissis/cclyzer-souffle/tests/coreutils-8.24/chown.bc>:!179
</home/chrzissis/cclyzer-souffle/tests/coreutils-8.24/chown.bc>:!169	7	</home/chrzissis/cclyzer-souffle/tests/coreutils-8.24/chown.bc>:!180
</home/chrzissis/cclyzer-souffle/tests/coreutils-8.24/chown.bc>:!169	8	</home/chrzissis/cclyzer-souffle/tests/coreutils-8.24/chown.bc>:!181
</home/chrzissis/cclyzer-souffle/tests/coreutils-8.24/chown.bc>:!169	9	</home/chrzissis/cclyzer-souffle/tests/coreutils-8.24/chown.bc>:!183
</home/chrzissis/cclyzer-souffle/tests/coreutils-8.24/chown.bc>:!169	10	</home/chrzissis/cclyzer-souffle/tests/coreutils-8.24/chown.bc>:!185
</home/chrzissis/cclyzer-souffle/tests/coreutils-8.24/chown.bc>:!188	0	</home/chrzissis/cclyzer-souffle/tests/coreutils-8.24/chown.bc>:!191
</home/chrzissis/cclyzer-souffle/tests/coreutils-8.24/chown.bc>:!188	1	</home/chrzissis/cclyzer-souffle/tests/coreutils-8.24/chown.bc>:!193
</home/chrzissis/cclyzer-souffle/tests/coreutils-8.24/chown.bc>:!169	11	</home/chrzissis/cclyzer-souffle/tests/coreutils-8.24/chown.bc>:!187
</home/chrzissis/cclyzer-souffle/tests/coreutils-8.24/chown.bc>:!169	12	</home/chrzissis/cclyzer-souffle/tests/coreutils-8.24/chown.bc>:!195
</home/chrzissis/cclyzer-souffle/tests/coreutils-8.24/chown.bc>:!169	13	</home/chrzissis/cclyzer-souffle/tests/coreutils-8.24/chown.bc>:!196
</home/chrzissis/cclyzer-souffle/tests/coreutils-8.24/chown.bc>:!169	14	</home/chrzissis/cclyzer-souffle/tests/coreutils-8.24/chown.bc>:!197
</home/chrzissis/cclyzer-souffle/tests/coreutils-8.24/chown.bc>:!136	18	</home/chrzissis/cclyzer-souffle/tests/coreutils-8.24/chown.bc>:!167
</home/chrzissis/cclyzer-souffle/tests/coreutils-8.24/chown.bc>:!136	19	</home/chrzissis/cclyzer-souffle/tests/coreutils-8.24/chown.bc>:!203
</home/chrzissis/cclyzer-souffle/tests/coreutils-8.24/chown.bc>:!132	0	</home/chrzissis/cclyzer-souffle/tests/coreutils-8.24/chown.bc>:!134
</home/chrzissis/cclyzer-souffle/tests/coreutils-8.24/chown.bc>:!132	1	</home/chrzissis/cclyzer-souffle/tests/coreutils-8.24/chown.bc>:!207
</home/chrzissis/cclyzer-souffle/tests/coreutils-8.24/chown.bc>:!132	2	</home/chrzissis/cclyzer-souffle/tests/coreutils-8.24/chown.bc>:!208
</home/chrzissis/cclyzer-souffle/tests/coreutils-8.24/chown.bc>:!132	3	</home/chrzissis/cclyzer-souffle/tests/coreutils-8.24/chown.bc>:!210
</home/chrzissis/cclyzer-souffle/tests/coreutils-8.24/chown.bc>:!132	4	</home/chrzissis/cclyzer-souffle/tests/coreutils-8.24/chown.bc>:!211
</home/chrzissis/cclyzer-souffle/tests/coreutils-8.24/chown.bc>:!132	5	</home/chrzissis/cclyzer-souffle/tests/coreutils-8.24/chown.bc>:!212
</home/chrzissis/cclyzer-souffle/tests/coreutils-8.24/chown.bc>:!132	6	</home/chrzissis/cclyzer-souffle/tests/coreutils-8.24/chown.bc>:!213
</home/chrzissis/cclyzer-souffle/tests/coreutils-8.24/chown.bc>:!132	7	</home/chrzissis/cclyzer-souffle/tests/coreutils-8.24/chown.bc>:!214
</home/chrzissis/cclyzer-souffle/tests/coreutils-8.24/chown.bc>:!132	8	</home/chrzissis/cclyzer-souffle/tests/coreutils-8.24/chown.bc>:!215
</home/chrzissis/cclyzer-souffle/tests/coreutils-8.24/chown.bc>:!132	9	</home/chrzissis/cclyzer-souffle/tests/coreutils-8.24/chown.bc>:!216
</home/chrzissis/cclyzer-souffle/tests/coreutils-8.24/chown.bc>:!132	10	</home/chrzissis/cclyzer-souffle/tests/coreutils-8.24/chown.bc>:!223
</home/chrzissis/cclyzer-souffle/tests/coreutils-8.24/chown.bc>:!132	11	</home/chrzissis/cclyzer-souffle/tests/coreutils-8.24/chown.bc>:!224
</home/chrzissis/cclyzer-souffle/tests/coreutils-8.24/chown.bc>:!228	0	</home/chrzissis/cclyzer-souffle/tests/coreutils-8.24/chown.bc>:!230
</home/chrzissis/cclyzer-souffle/tests/coreutils-8.24/chown.bc>:!228	1	</home/chrzissis/cclyzer-souffle/tests/coreutils-8.24/chown.bc>:!231
</home/chrzissis/cclyzer-souffle/tests/coreutils-8.24/chown.bc>:!132	12	</home/chrzissis/cclyzer-souffle/tests/coreutils-8.24/chown.bc>:!227
</home/chrzissis/cclyzer-souffle/tests/coreutils-8.24/chown.bc>:!237	0	</home/chrzissis/cclyzer-souffle/tests/coreutils-8.24/chown.bc>:!239
</home/chrzissis/cclyzer-souffle/tests/coreutils-8.24/chown.bc>:!237	1	</home/chrzissis/cclyzer-souffle/tests/coreutils-8.24/chown.bc>:!243
</home/chrzissis/cclyzer-souffle/tests/coreutils-8.24/chown.bc>:!237	2	</home/chrzissis/cclyzer-souffle/tests/coreutils-8.24/chown.bc>:!244
</home/chrzissis/cclyzer-souffle/tests/coreutils-8.24/chown.bc>:!237	3	</home/chrzissis/cclyzer-souffle/tests/coreutils-8.24/chown.bc>:!245
</home/chrzissis/cclyzer-souffle/tests/coreutils-8.24/chown.bc>:!237	4	</home/chrzissis/cclyzer-souffle/tests/coreutils-8.24/chown.bc>:!246
</home/chrzissis/cclyzer-souffle/tests/coreutils-8.24/chown.bc>:!132	13	</home/chrzissis/cclyzer-souffle/tests/coreutils-8.24/chown.bc>:!234
</home/chrzissis/cclyzer-souffle/tests/coreutils-8.24/chown.bc>:!346	0	</home/chrzissis/cclyzer-souffle/tests/coreutils-8.24/chown.bc>:!348
</home/chrzissis/cclyzer-souffle/tests/coreutils-8.24/chown.bc>:!346	1	</home/chrzissis/cclyzer-souffle/tests/coreutils-8.24/chown.bc>:!349
</home/chrzissis/cclyzer-souffle/tests/coreutils-8.24/chown.bc>:!346	2	</home/chrzissis/cclyzer-souffle/tests/coreutils-8.24/chown.bc>:!350
</home/chrzissis/cclyzer-souffle/tests/coreutils-8.24/chown.bc>:!346	3	</home/chrzissis/cclyzer-souffle/tests/coreutils-8.24/chown.bc>:!354
</home/chrzissis/cclyzer-souffle/tests/coreutils-8.24/chown.bc>:!346	4	</home/chrzissis/cclyzer-souffle/tests/coreutils-8.24/chown.bc>:!355
</home/chrzissis/cclyzer-souffle/tests/coreutils-8.24/chown.bc>:!482	0	</home/chrzissis/cclyzer-souffle/tests/coreutils-8.24/chown.bc>:!484
</home/chrzissis/cclyzer-souffle/tests/coreutils-8.24/chown.bc>:!482	1	</home/chrzissis/cclyzer-souffle/tests/coreutils-8.24/chown.bc>:!485
</home/chrzissis/cclyzer-souffle/tests/coreutils-8.24/chown.bc>:!525	0	</home/chrzissis/cclyzer-souffle/tests/coreutils-8.24/chown.bc>:!528
</home/chrzissis/cclyzer-souffle/tests/coreutils-8.24/chown.bc>:!525	1	</home/chrzissis/cclyzer-souffle/tests/coreutils-8.24/chown.bc>:!529
</home/chrzissis/cclyzer-souffle/tests/coreutils-8.24/chown.bc>:!525	2	</home/chrzissis/cclyzer-souffle/tests/coreutils-8.24/chown.bc>:!530
</home/chrzissis/cclyzer-souffle/tests/coreutils-8.24/chown.bc>:!525	3	</home/chrzissis/cclyzer-souffle/tests/coreutils-8.24/chown.bc>:!531
</home/chrzissis/cclyzer-souffle/tests/coreutils-8.24/chown.bc>:!525	4	</home/chrzissis/cclyzer-souffle/tests/coreutils-8.24/chown.bc>:!532
</home/chrzissis/cclyzer-souffle/tests/coreutils-8.24/chown.bc>:!525	5	</home/chrzissis/cclyzer-souffle/tests/coreutils-8.24/chown.bc>:!533
</home/chrzissis/cclyzer-souffle/tests/coreutils-8.24/chown.bc>:!525	6	</home/chrzissis/cclyzer-souffle/tests/coreutils-8.24/chown.bc>:!534
</home/chrzissis/cclyzer-souffle/tests/coreutils-8.24/chown.bc>:!525	7	</home/chrzissis/cclyzer-souffle/tests/coreutils-8.24/chown.bc>:!535
</home/chrzissis/cclyzer-souffle/tests/coreutils-8.24/chown.bc>:!525	8	</home/chrzissis/cclyzer-souffle/tests/coreutils-8.24/chown.bc>:!536
</home/chrzissis/cclyzer-souffle/tests/coreutils-8.24/chown.bc>:!525	9	</home/chrzissis/cclyzer-souffle/tests/coreutils-8.24/chown.bc>:!537
</home/chrzissis/cclyzer-souffle/tests/coreutils-8.24/chown.bc>:!525	10	</home/chrzissis/cclyzer-souffle/tests/coreutils-8.24/chown.bc>:!538
</home/chrzissis/cclyzer-souffle/tests/coreutils-8.24/chown.bc>:!525	11	</home/chrzissis/cclyzer-souffle/tests/coreutils-8.24/chown.bc>:!539
</home/chrzissis/cclyzer-souffle/tests/coreutils-8.24/chown.bc>:!542	0	</home/chrzissis/cclyzer-souffle/tests/coreutils-8.24/chown.bc>:!544
</home/chrzissis/cclyzer-souffle/tests/coreutils-8.24/chown.bc>:!542	1	</home/chrzissis/cclyzer-souffle/tests/coreutils-8.24/chown.bc>:!545
</home/chrzissis/cclyzer-souffle/tests/coreutils-8.24/chown.bc>:!542	2	</home/chrzissis/cclyzer-souffle/tests/coreutils-8.24/chown.bc>:!547
</home/chrzissis/cclyzer-souffle/tests/coreutils-8.24/chown.bc>:!525	12	</home/chrzissis/cclyzer-souffle/tests/coreutils-8.24/chown.bc>:!540
</home/chrzissis/cclyzer-souffle/tests/coreutils-8.24/chown.bc>:!525	13	</home/chrzissis/cclyzer-souffle/tests/coreutils-8.24/chown.bc>:!548
</home/chrzissis/cclyzer-souffle/tests/coreutils-8.24/chown.bc>:!525	14	</home/chrzissis/cclyzer-souffle/tests/coreutils-8.24/chown.bc>:!549
</home/chrzissis/cclyzer-souffle/tests/coreutils-8.24/chown.bc>:!525	15	</home/chrzissis/cclyzer-souffle/tests/coreutils-8.24/chown.bc>:!550
</home/chrzissis/cclyzer-souffle/tests/coreutils-8.24/chown.bc>:!525	16	</home/chrzissis/cclyzer-souffle/tests/coreutils-8.24/chown.bc>:!551
</home/chrzissis/cclyzer-souffle/tests/coreutils-8.24/chown.bc>:!525	17	</home/chrzissis/cclyzer-souffle/tests/coreutils-8.24/chown.bc>:!552
</home/chrzissis/cclyzer-souffle/tests/coreutils-8.24/chown.bc>:!525	18	</home/chrzissis/cclyzer-souffle/tests/coreutils-8.24/chown.bc>:!553
</home/chrzissis/cclyzer-souffle/tests/coreutils-8.24/chown.bc>:!525	19	</home/chrzissis/cclyzer-souffle/tests/coreutils-8.24/chown.bc>:!555
</home/chrzissis/cclyzer-souffle/tests/coreutils-8.24/chown.bc>:!525	20	</home/chrzissis/cclyzer-souffle/tests/coreutils-8.24/chown.bc>:!557
</home/chrzissis/cclyzer-souffle/tests/coreutils-8.24/chown.bc>:!525	21	</home/chrzissis/cclyzer-souffle/tests/coreutils-8.24/chown.bc>:!560
</home/chrzissis/cclyzer-souffle/tests/coreutils-8.24/chown.bc>:!525	22	</home/chrzissis/cclyzer-souffle/tests/coreutils-8.24/chown.bc>:!562
</home/chrzissis/cclyzer-souffle/tests/coreutils-8.24/chown.bc>:!525	23	</home/chrzissis/cclyzer-souffle/tests/coreutils-8.24/chown.bc>:!563
</home/chrzissis/cclyzer-souffle/tests/coreutils-8.24/chown.bc>:!525	24	</home/chrzissis/cclyzer-souffle/tests/coreutils-8.24/chown.bc>:!564
</home/chrzissis/cclyzer-souffle/tests/coreutils-8.24/chown.bc>:!525	25	</home/chrzissis/cclyzer-souffle/tests/coreutils-8.24/chown.bc>:!565
</home/chrzissis/cclyzer-souffle/tests/coreutils-8.24/chown.bc>:!525	26	</home/chrzissis/cclyzer-souffle/tests/coreutils-8.24/chown.bc>:!566
</home/chrzissis/cclyzer-souffle/tests/coreutils-8.24/chown.bc>:!525	27	</home/chrzissis/cclyzer-souffle/tests/coreutils-8.24/chown.bc>:!567
</home/chrzissis/cclyzer-souffle/tests/coreutils-8.24/chown.bc>:!525	28	</home/chrzissis/cclyzer-souffle/tests/coreutils-8.24/chown.bc>:!568
</home/chrzissis/cclyzer-souffle/tests/coreutils-8.24/chown.bc>:!581	0	</home/chrzissis/cclyzer-souffle/tests/coreutils-8.24/chown.bc>:!583
</home/chrzissis/cclyzer-souffle/tests/coreutils-8.24/chown.bc>:!581	1	</home/chrzissis/cclyzer-souffle/tests/coreutils-8.24/chown.bc>:!584
</home/chrzissis/cclyzer-souffle/tests/coreutils-8.24/chown.bc>:!581	2	</home/chrzissis/cclyzer-souffle/tests/coreutils-8.24/chown.bc>:!585
</home/chrzissis/cclyzer-souffle/tests/coreutils-8.24/chown.bc>:!581	3	</home/chrzissis/cclyzer-souffle/tests/coreutils-8.24/chown.bc>:!586
</home/chrzissis/cclyzer-souffle/tests/coreutils-8.24/chown.bc>:!652	0	</home/chrzissis/cclyzer-souffle/tests/coreutils-8.24/chown.bc>:!654
</home/chrzissis/cclyzer-souffle/tests/coreutils-8.24/chown.bc>:!652	1	</home/chrzissis/cclyzer-souffle/tests/coreutils-8.24/chown.bc>:!655
</home/chrzissis/cclyzer-souffle/tests/coreutils-8.24/chown.bc>:!652	2	</home/chrzissis/cclyzer-souffle/tests/coreutils-8.24/chown.bc>:!656
</home/chrzissis/cclyzer-souffle/tests/coreutils-8.24/chown.bc>:!652	3	</home/chrzissis/cclyzer-souffle/tests/coreutils-8.24/chown.bc>:!657
</home/chrzissis/cclyzer-souffle/tests/coreutils-8.24/chown.bc>:!652	4	</home/chrzissis/cclyzer-souffle/tests/coreutils-8.24/chown.bc>:!658
</home/chrzissis/cclyzer-souffle/tests/coreutils-8.24/chown.bc>:!652	5	</home/chrzissis/cclyzer-souffle/tests/coreutils-8.24/chown.bc>:!659
</home/chrzissis/cclyzer-souffle/tests/coreutils-8.24/chown.bc>:!652	6	</home/chrzissis/cclyzer-souffle/tests/coreutils-8.24/chown.bc>:!660
</home/chrzissis/cclyzer-souffle/tests/coreutils-8.24/chown.bc>:!652	7	</home/chrzissis/cclyzer-souffle/tests/coreutils-8.24/chown.bc>:!661
</home/chrzissis/cclyzer-souffle/tests/coreutils-8.24/chown.bc>:!652	8	</home/chrzissis/cclyzer-souffle/tests/coreutils-8.24/chown.bc>:!662
</home/chrzissis/cclyzer-souffle/tests/coreutils-8.24/chown.bc>:!652	9	</home/chrzissis/cclyzer-souffle/tests/coreutils-8.24/chown.bc>:!663
</home/chrzissis/cclyzer-souffle/tests/coreutils-8.24/chown.bc>:!652	10	</home/chrzissis/cclyzer-souffle/tests/coreutils-8.24/chown.bc>:!664
</home/chrzissis/cclyzer-souffle/tests/coreutils-8.24/chown.bc>:!652	11	</home/chrzissis/cclyzer-souffle/tests/coreutils-8.24/chown.bc>:!665
</home/chrzissis/cclyzer-souffle/tests/coreutils-8.24/chown.bc>:!652	12	</home/chrzissis/cclyzer-souffle/tests/coreutils-8.24/chown.bc>:!666
</home/chrzissis/cclyzer-souffle/tests/coreutils-8.24/chown.bc>:!652	13	</home/chrzissis/cclyzer-souffle/tests/coreutils-8.24/chown.bc>:!667
</home/chrzissis/cclyzer-souffle/tests/coreutils-8.24/chown.bc>:!652	14	</home/chrzissis/cclyzer-souffle/tests/coreutils-8.24/chown.bc>:!668
</home/chrzissis/cclyzer-souffle/tests/coreutils-8.24/chown.bc>:!652	15	</home/chrzissis/cclyzer-souffle/tests/coreutils-8.24/chown.bc>:!669
</home/chrzissis/cclyzer-souffle/tests/coreutils-8.24/chown.bc>:!652	16	</home/chrzissis/cclyzer-souffle/tests/coreutils-8.24/chown.bc>:!670
</home/chrzissis/cclyzer-souffle/tests/coreutils-8.24/chown.bc>:!652	17	</home/chrzissis/cclyzer-souffle/tests/coreutils-8.24/chown.bc>:!671
</home/chrzissis/cclyzer-souffle/tests/coreutils-8.24/chown.bc>:!674	0	</home/chrzissis/cclyzer-souffle/tests/coreutils-8.24/chown.bc>:!676
</home/chrzissis/cclyzer-souffle/tests/coreutils-8.24/chown.bc>:!674	1	</home/chrzissis/cclyzer-souffle/tests/coreutils-8.24/chown.bc>:!677
</home/chrzissis/cclyzer-souffle/tests/coreutils-8.24/chown.bc>:!674	2	</home/chrzissis/cclyzer-souffle/tests/coreutils-8.24/chown.bc>:!678
</home/chrzissis/cclyzer-souffle/tests/coreutils-8.24/chown.bc>:!674	3	</home/chrzissis/cclyzer-souffle/tests/coreutils-8.24/chown.bc>:!679
</home/chrzissis/cclyzer-souffle/tests/coreutils-8.24/chown.bc>:!674	4	</home/chrzissis/cclyzer-souffle/tests/coreutils-8.24/chown.bc>:!680
</home/chrzissis/cclyzer-souffle/tests/coreutils-8.24/chown.bc>:!674	5	</home/chrzissis/cclyzer-souffle/tests/coreutils-8.24/chown.bc>:!681
</home/chrzissis/cclyzer-souffle/tests/coreutils-8.24/chown.bc>:!674	6	</home/chrzissis/cclyzer-souffle/tests/coreutils-8.24/chown.bc>:!682
</home/chrzissis/cclyzer-souffle/tests/coreutils-8.24/chown.bc>:!674	7	</home/chrzissis/cclyzer-souffle/tests/coreutils-8.24/chown.bc>:!683
</home/chrzissis/cclyzer-souffle/tests/coreutils-8.24/chown.bc>:!674	8	</home/chrzissis/cclyzer-souffle/tests/coreutils-8.24/chown.bc>:!684
</home/chrzissis/cclyzer-souffle/tests/coreutils-8.24/chown.bc>:!674	9	</home/chrzissis/cclyzer-souffle/tests/coreutils-8.24/chown.bc>:!685
</home/chrzissis/cclyzer-souffle/tests/coreutils-8.24/chown.bc>:!674	10	</home/chrzissis/cclyzer-souffle/tests/coreutils-8.24/chown.bc>:!686
</home/chrzissis/cclyzer-souffle/tests/coreutils-8.24/chown.bc>:!688	0	</home/chrzissis/cclyzer-souffle/tests/coreutils-8.24/chown.bc>:!690
</home/chrzissis/cclyzer-souffle/tests/coreutils-8.24/chown.bc>:!688	1	</home/chrzissis/cclyzer-souffle/tests/coreutils-8.24/chown.bc>:!691
</home/chrzissis/cclyzer-souffle/tests/coreutils-8.24/chown.bc>:!674	11	</home/chrzissis/cclyzer-souffle/tests/coreutils-8.24/chown.bc>:!687
</home/chrzissis/cclyzer-souffle/tests/coreutils-8.24/chown.bc>:!674	12	</home/chrzissis/cclyzer-souffle/tests/coreutils-8.24/chown.bc>:!692
</home/chrzissis/cclyzer-souffle/tests/coreutils-8.24/chown.bc>:!674	13	</home/chrzissis/cclyzer-souffle/tests/coreutils-8.24/chown.bc>:!693
</home/chrzissis/cclyzer-souffle/tests/coreutils-8.24/chown.bc>:!674	14	</home/chrzissis/cclyzer-souffle/tests/coreutils-8.24/chown.bc>:!694
</home/chrzissis/cclyzer-souffle/tests/coreutils-8.24/chown.bc>:!652	18	</home/chrzissis/cclyzer-souffle/tests/coreutils-8.24/chown.bc>:!672
</home/chrzissis/cclyzer-souffle/tests/coreutils-8.24/chown.bc>:!652	19	</home/chrzissis/cclyzer-souffle/tests/coreutils-8.24/chown.bc>:!695
</home/chrzissis/cclyzer-souffle/tests/coreutils-8.24/chown.bc>:!648	0	</home/chrzissis/cclyzer-souffle/tests/coreutils-8.24/chown.bc>:!650
</home/chrzissis/cclyzer-souffle/tests/coreutils-8.24/chown.bc>:!648	1	</home/chrzissis/cclyzer-souffle/tests/coreutils-8.24/chown.bc>:!696
</home/chrzissis/cclyzer-souffle/tests/coreutils-8.24/chown.bc>:!648	2	</home/chrzissis/cclyzer-souffle/tests/coreutils-8.24/chown.bc>:!697
</home/chrzissis/cclyzer-souffle/tests/coreutils-8.24/chown.bc>:!648	3	</home/chrzissis/cclyzer-souffle/tests/coreutils-8.24/chown.bc>:!699
</home/chrzissis/cclyzer-souffle/tests/coreutils-8.24/chown.bc>:!648	4	</home/chrzissis/cclyzer-souffle/tests/coreutils-8.24/chown.bc>:!700
</home/chrzissis/cclyzer-souffle/tests/coreutils-8.24/chown.bc>:!648	5	</home/chrzissis/cclyzer-souffle/tests/coreutils-8.24/chown.bc>:!701
</home/chrzissis/cclyzer-souffle/tests/coreutils-8.24/chown.bc>:!648	6	</home/chrzissis/cclyzer-souffle/tests/coreutils-8.24/chown.bc>:!702
</home/chrzissis/cclyzer-souffle/tests/coreutils-8.24/chown.bc>:!648	7	</home/chrzissis/cclyzer-souffle/tests/coreutils-8.24/chown.bc>:!703
</home/chrzissis/cclyzer-souffle/tests/coreutils-8.24/chown.bc>:!648	8	</home/chrzissis/cclyzer-souffle/tests/coreutils-8.24/chown.bc>:!704
</home/chrzissis/cclyzer-souffle/tests/coreutils-8.24/chown.bc>:!648	9	</home/chrzissis/cclyzer-souffle/tests/coreutils-8.24/chown.bc>:!705
</home/chrzissis/cclyzer-souffle/tests/coreutils-8.24/chown.bc>:!648	10	</home/chrzissis/cclyzer-souffle/tests/coreutils-8.24/chown.bc>:!712
</home/chrzissis/cclyzer-souffle/tests/coreutils-8.24/chown.bc>:!648	11	</home/chrzissis/cclyzer-souffle/tests/coreutils-8.24/chown.bc>:!713
</home/chrzissis/cclyzer-souffle/tests/coreutils-8.24/chown.bc>:!715	0	</home/chrzissis/cclyzer-souffle/tests/coreutils-8.24/chown.bc>:!717
</home/chrzissis/cclyzer-souffle/tests/coreutils-8.24/chown.bc>:!715	1	</home/chrzissis/cclyzer-souffle/tests/coreutils-8.24/chown.bc>:!718
</home/chrzissis/cclyzer-souffle/tests/coreutils-8.24/chown.bc>:!648	12	</home/chrzissis/cclyzer-souffle/tests/coreutils-8.24/chown.bc>:!714
</home/chrzissis/cclyzer-souffle/tests/coreutils-8.24/chown.bc>:!721	0	</home/chrzissis/cclyzer-souffle/tests/coreutils-8.24/chown.bc>:!723
</home/chrzissis/cclyzer-souffle/tests/coreutils-8.24/chown.bc>:!721	1	</home/chrzissis/cclyzer-souffle/tests/coreutils-8.24/chown.bc>:!724
</home/chrzissis/cclyzer-souffle/tests/coreutils-8.24/chown.bc>:!721	2	</home/chrzissis/cclyzer-souffle/tests/coreutils-8.24/chown.bc>:!725
</home/chrzissis/cclyzer-souffle/tests/coreutils-8.24/chown.bc>:!721	3	</home/chrzissis/cclyzer-souffle/tests/coreutils-8.24/chown.bc>:!726
</home/chrzissis/cclyzer-souffle/tests/coreutils-8.24/chown.bc>:!721	4	</home/chrzissis/cclyzer-souffle/tests/coreutils-8.24/chown.bc>:!727
</home/chrzissis/cclyzer-souffle/tests/coreutils-8.24/chown.bc>:!648	13	</home/chrzissis/cclyzer-souffle/tests/coreutils-8.24/chown.bc>:!719
</home/chrzissis/cclyzer-souffle/tests/coreutils-8.24/chown.bc>:!781	0	</home/chrzissis/cclyzer-souffle/tests/coreutils-8.24/chown.bc>:!783
</home/chrzissis/cclyzer-souffle/tests/coreutils-8.24/chown.bc>:!781	1	</home/chrzissis/cclyzer-souffle/tests/coreutils-8.24/chown.bc>:!784
</home/chrzissis/cclyzer-souffle/tests/coreutils-8.24/chown.bc>:!781	2	</home/chrzissis/cclyzer-souffle/tests/coreutils-8.24/chown.bc>:!785
</home/chrzissis/cclyzer-souffle/tests/coreutils-8.24/chown.bc>:!781	3	</home/chrzissis/cclyzer-souffle/tests/coreutils-8.24/chown.bc>:!786
</home/chrzissis/cclyzer-souffle/tests/coreutils-8.24/chown.bc>:!781	4	</home/chrzissis/cclyzer-souffle/tests/coreutils-8.24/chown.bc>:!787
</home/chrzissis/cclyzer-souffle/tests/coreutils-8.24/chown.bc>:!781	5	</home/chrzissis/cclyzer-souffle/tests/coreutils-8.24/chown.bc>:!788
</home/chrzissis/cclyzer-souffle/tests/coreutils-8.24/chown.bc>:!781	6	</home/chrzissis/cclyzer-souffle/tests/coreutils-8.24/chown.bc>:!789
</home/chrzissis/cclyzer-souffle/tests/coreutils-8.24/chown.bc>:!781	7	</home/chrzissis/cclyzer-souffle/tests/coreutils-8.24/chown.bc>:!790
</home/chrzissis/cclyzer-souffle/tests/coreutils-8.24/chown.bc>:!781	8	</home/chrzissis/cclyzer-souffle/tests/coreutils-8.24/chown.bc>:!791
</home/chrzissis/cclyzer-souffle/tests/coreutils-8.24/chown.bc>:!781	9	</home/chrzissis/cclyzer-souffle/tests/coreutils-8.24/chown.bc>:!792
</home/chrzissis/cclyzer-souffle/tests/coreutils-8.24/chown.bc>:!781	10	</home/chrzissis/cclyzer-souffle/tests/coreutils-8.24/chown.bc>:!793
</home/chrzissis/cclyzer-souffle/tests/coreutils-8.24/chown.bc>:!781	11	</home/chrzissis/cclyzer-souffle/tests/coreutils-8.24/chown.bc>:!794
</home/chrzissis/cclyzer-souffle/tests/coreutils-8.24/chown.bc>:!781	12	</home/chrzissis/cclyzer-souffle/tests/coreutils-8.24/chown.bc>:!795
</home/chrzissis/cclyzer-souffle/tests/coreutils-8.24/chown.bc>:!781	13	</home/chrzissis/cclyzer-souffle/tests/coreutils-8.24/chown.bc>:!796
</home/chrzissis/cclyzer-souffle/tests/coreutils-8.24/chown.bc>:!781	14	</home/chrzissis/cclyzer-souffle/tests/coreutils-8.24/chown.bc>:!797
</home/chrzissis/cclyzer-souffle/tests/coreutils-8.24/chown.bc>:!781	15	</home/chrzissis/cclyzer-souffle/tests/coreutils-8.24/chown.bc>:!798
</home/chrzissis/cclyzer-souffle/tests/coreutils-8.24/chown.bc>:!781	16	</home/chrzissis/cclyzer-souffle/tests/coreutils-8.24/chown.bc>:!799
</home/chrzissis/cclyzer-souffle/tests/coreutils-8.24/chown.bc>:!781	17	</home/chrzissis/cclyzer-souffle/tests/coreutils-8.24/chown.bc>:!800
</home/chrzissis/cclyzer-souffle/tests/coreutils-8.24/chown.bc>:!803	0	</home/chrzissis/cclyzer-souffle/tests/coreutils-8.24/chown.bc>:!805
</home/chrzissis/cclyzer-souffle/tests/coreutils-8.24/chown.bc>:!803	1	</home/chrzissis/cclyzer-souffle/tests/coreutils-8.24/chown.bc>:!806
</home/chrzissis/cclyzer-souffle/tests/coreutils-8.24/chown.bc>:!803	2	</home/chrzissis/cclyzer-souffle/tests/coreutils-8.24/chown.bc>:!807
</home/chrzissis/cclyzer-souffle/tests/coreutils-8.24/chown.bc>:!803	3	</home/chrzissis/cclyzer-souffle/tests/coreutils-8.24/chown.bc>:!808
</home/chrzissis/cclyzer-souffle/tests/coreutils-8.24/chown.bc>:!803	4	</home/chrzissis/cclyzer-souffle/tests/coreutils-8.24/chown.bc>:!809
</home/chrzissis/cclyzer-souffle/tests/coreutils-8.24/chown.bc>:!803	5	</home/chrzissis/cclyzer-souffle/tests/coreutils-8.24/chown.bc>:!810
</home/chrzissis/cclyzer-souffle/tests/coreutils-8.24/chown.bc>:!803	6	</home/chrzissis/cclyzer-souffle/tests/coreutils-8.24/chown.bc>:!811
</home/chrzissis/cclyzer-souffle/tests/coreutils-8.24/chown.bc>:!803	7	</home/chrzissis/cclyzer-souffle/tests/coreutils-8.24/chown.bc>:!812
</home/chrzissis/cclyzer-souffle/tests/coreutils-8.24/chown.bc>:!803	8	</home/chrzissis/cclyzer-souffle/tests/coreutils-8.24/chown.bc>:!813
</home/chrzissis/cclyzer-souffle/tests/coreutils-8.24/chown.bc>:!803	9	</home/chrzissis/cclyzer-souffle/tests/coreutils-8.24/chown.bc>:!814
</home/chrzissis/cclyzer-souffle/tests/coreutils-8.24/chown.bc>:!803	10	</home/chrzissis/cclyzer-souffle/tests/coreutils-8.24/chown.bc>:!815
</home/chrzissis/cclyzer-souffle/tests/coreutils-8.24/chown.bc>:!817	0	</home/chrzissis/cclyzer-souffle/tests/coreutils-8.24/chown.bc>:!819
</home/chrzissis/cclyzer-souffle/tests/coreutils-8.24/chown.bc>:!817	1	</home/chrzissis/cclyzer-souffle/tests/coreutils-8.24/chown.bc>:!820
</home/chrzissis/cclyzer-souffle/tests/coreutils-8.24/chown.bc>:!803	11	</home/chrzissis/cclyzer-souffle/tests/coreutils-8.24/chown.bc>:!816
</home/chrzissis/cclyzer-souffle/tests/coreutils-8.24/chown.bc>:!803	12	</home/chrzissis/cclyzer-souffle/tests/coreutils-8.24/chown.bc>:!821
</home/chrzissis/cclyzer-souffle/tests/coreutils-8.24/chown.bc>:!803	13	</home/chrzissis/cclyzer-souffle/tests/coreutils-8.24/chown.bc>:!822
</home/chrzissis/cclyzer-souffle/tests/coreutils-8.24/chown.bc>:!803	14	</home/chrzissis/cclyzer-souffle/tests/coreutils-8.24/chown.bc>:!823
</home/chrzissis/cclyzer-souffle/tests/coreutils-8.24/chown.bc>:!781	18	</home/chrzissis/cclyzer-souffle/tests/coreutils-8.24/chown.bc>:!801
</home/chrzissis/cclyzer-souffle/tests/coreutils-8.24/chown.bc>:!781	19	</home/chrzissis/cclyzer-souffle/tests/coreutils-8.24/chown.bc>:!824
</home/chrzissis/cclyzer-souffle/tests/coreutils-8.24/chown.bc>:!777	0	</home/chrzissis/cclyzer-souffle/tests/coreutils-8.24/chown.bc>:!779
</home/chrzissis/cclyzer-souffle/tests/coreutils-8.24/chown.bc>:!777	1	</home/chrzissis/cclyzer-souffle/tests/coreutils-8.24/chown.bc>:!825
</home/chrzissis/cclyzer-souffle/tests/coreutils-8.24/chown.bc>:!777	2	</home/chrzissis/cclyzer-souffle/tests/coreutils-8.24/chown.bc>:!826
</home/chrzissis/cclyzer-souffle/tests/coreutils-8.24/chown.bc>:!777	3	</home/chrzissis/cclyzer-souffle/tests/coreutils-8.24/chown.bc>:!828
</home/chrzissis/cclyzer-souffle/tests/coreutils-8.24/chown.bc>:!777	4	</home/chrzissis/cclyzer-souffle/tests/coreutils-8.24/chown.bc>:!829
</home/chrzissis/cclyzer-souffle/tests/coreutils-8.24/chown.bc>:!777	5	</home/chrzissis/cclyzer-souffle/tests/coreutils-8.24/chown.bc>:!830
</home/chrzissis/cclyzer-souffle/tests/coreutils-8.24/chown.bc>:!777	6	</home/chrzissis/cclyzer-souffle/tests/coreutils-8.24/chown.bc>:!831
</home/chrzissis/cclyzer-souffle/tests/coreutils-8.24/chown.bc>:!777	7	</home/chrzissis/cclyzer-souffle/tests/coreutils-8.24/chown.bc>:!832
</home/chrzissis/cclyzer-souffle/tests/coreutils-8.24/chown.bc>:!777	8	</home/chrzissis/cclyzer-souffle/tests/coreutils-8.24/chown.bc>:!833
</home/chrzissis/cclyzer-souffle/tests/coreutils-8.24/chown.bc>:!777	9	</home/chrzissis/cclyzer-souffle/tests/coreutils-8.24/chown.bc>:!834
</home/chrzissis/cclyzer-souffle/tests/coreutils-8.24/chown.bc>:!777	10	</home/chrzissis/cclyzer-souffle/tests/coreutils-8.24/chown.bc>:!841
</home/chrzissis/cclyzer-souffle/tests/coreutils-8.24/chown.bc>:!777	11	</home/chrzissis/cclyzer-souffle/tests/coreutils-8.24/chown.bc>:!842
</home/chrzissis/cclyzer-souffle/tests/coreutils-8.24/chown.bc>:!844	0	</home/chrzissis/cclyzer-souffle/tests/coreutils-8.24/chown.bc>:!846
</home/chrzissis/cclyzer-souffle/tests/coreutils-8.24/chown.bc>:!853	0	</home/chrzissis/cclyzer-souffle/tests/coreutils-8.24/chown.bc>:!855
</home/chrzissis/cclyzer-souffle/tests/coreutils-8.24/chown.bc>:!853	1	</home/chrzissis/cclyzer-souffle/tests/coreutils-8.24/chown.bc>:!856
</home/chrzissis/cclyzer-souffle/tests/coreutils-8.24/chown.bc>:!849	0	</home/chrzissis/cclyzer-souffle/tests/coreutils-8.24/chown.bc>:!852
</home/chrzissis/cclyzer-souffle/tests/coreutils-8.24/chown.bc>:!849	1	</home/chrzissis/cclyzer-souffle/tests/coreutils-8.24/chown.bc>:!857
</home/chrzissis/cclyzer-souffle/tests/coreutils-8.24/chown.bc>:!849	2	</home/chrzissis/cclyzer-souffle/tests/coreutils-8.24/chown.bc>:!858
</home/chrzissis/cclyzer-souffle/tests/coreutils-8.24/chown.bc>:!844	1	</home/chrzissis/cclyzer-souffle/tests/coreutils-8.24/chown.bc>:!847
</home/chrzissis/cclyzer-souffle/tests/coreutils-8.24/chown.bc>:!777	12	</home/chrzissis/cclyzer-souffle/tests/coreutils-8.24/chown.bc>:!843
</home/chrzissis/cclyzer-souffle/tests/coreutils-8.24/chown.bc>:!861	0	</home/chrzissis/cclyzer-souffle/tests/coreutils-8.24/chown.bc>:!863
</home/chrzissis/cclyzer-souffle/tests/coreutils-8.24/chown.bc>:!861	1	</home/chrzissis/cclyzer-souffle/tests/coreutils-8.24/chown.bc>:!864
</home/chrzissis/cclyzer-souffle/tests/coreutils-8.24/chown.bc>:!861	2	</home/chrzissis/cclyzer-souffle/tests/coreutils-8.24/chown.bc>:!865
</home/chrzissis/cclyzer-souffle/tests/coreutils-8.24/chown.bc>:!861	3	</home/chrzissis/cclyzer-souffle/tests/coreutils-8.24/chown.bc>:!866
</home/chrzissis/cclyzer-souffle/tests/coreutils-8.24/chown.bc>:!861	4	</home/chrzissis/cclyzer-souffle/tests/coreutils-8.24/chown.bc>:!867
</home/chrzissis/cclyzer-souffle/tests/coreutils-8.24/chown.bc>:!777	13	</home/chrzissis/cclyzer-souffle/tests/coreutils-8.24/chown.bc>:!859
</home/chrzissis/cclyzer-souffle/tests/coreutils-8.24/chown.bc>:!1000	0	</home/chrzissis/cclyzer-souffle/tests/coreutils-8.24/chown.bc>:!1002
</home/chrzissis/cclyzer-souffle/tests/coreutils-8.24/chown.bc>:!1004	0	</home/chrzissis/cclyzer-souffle/tests/coreutils-8.24/chown.bc>:!1006
</home/chrzissis/cclyzer-souffle/tests/coreutils-8.24/chown.bc>:!1004	1	</home/chrzissis/cclyzer-souffle/tests/coreutils-8.24/chown.bc>:!1007
</home/chrzissis/cclyzer-souffle/tests/coreutils-8.24/chown.bc>:!1000	1	</home/chrzissis/cclyzer-souffle/tests/coreutils-8.24/chown.bc>:!1003
</home/chrzissis/cclyzer-souffle/tests/coreutils-8.24/chown.bc>:!1036	0	</home/chrzissis/cclyzer-souffle/tests/coreutils-8.24/chown.bc>:!1038
</home/chrzissis/cclyzer-souffle/tests/coreutils-8.24/chown.bc>:!1036	1	</home/chrzissis/cclyzer-souffle/tests/coreutils-8.24/chown.bc>:!1039
</home/chrzissis/cclyzer-souffle/tests/coreutils-8.24/chown.bc>:!1036	2	</home/chrzissis/cclyzer-souffle/tests/coreutils-8.24/chown.bc>:!1040
</home/chrzissis/cclyzer-souffle/tests/coreutils-8.24/chown.bc>:!1036	3	</home/chrzissis/cclyzer-souffle/tests/coreutils-8.24/chown.bc>:!1041
</home/chrzissis/cclyzer-souffle/tests/coreutils-8.24/chown.bc>:!1036	4	</home/chrzissis/cclyzer-souffle/tests/coreutils-8.24/chown.bc>:!1042
</home/chrzissis/cclyzer-souffle/tests/coreutils-8.24/chown.bc>:!1036	5	</home/chrzissis/cclyzer-souffle/tests/coreutils-8.24/chown.bc>:!1043
</home/chrzissis/cclyzer-souffle/tests/coreutils-8.24/chown.bc>:!1036	6	</home/chrzissis/cclyzer-souffle/tests/coreutils-8.24/chown.bc>:!1044
</home/chrzissis/cclyzer-souffle/tests/coreutils-8.24/chown.bc>:!1036	7	</home/chrzissis/cclyzer-souffle/tests/coreutils-8.24/chown.bc>:!1045
</home/chrzissis/cclyzer-souffle/tests/coreutils-8.24/chown.bc>:!1036	8	</home/chrzissis/cclyzer-souffle/tests/coreutils-8.24/chown.bc>:!1046
</home/chrzissis/cclyzer-souffle/tests/coreutils-8.24/chown.bc>:!1036	9	</home/chrzissis/cclyzer-souffle/tests/coreutils-8.24/chown.bc>:!1047
</home/chrzissis/cclyzer-souffle/tests/coreutils-8.24/chown.bc>:!1036	10	</home/chrzissis/cclyzer-souffle/tests/coreutils-8.24/chown.bc>:!1048
</home/chrzissis/cclyzer-souffle/tests/coreutils-8.24/chown.bc>:!1036	11	</home/chrzissis/cclyzer-souffle/tests/coreutils-8.24/chown.bc>:!1049
</home/chrzissis/cclyzer-souffle/tests/coreutils-8.24/chown.bc>:!1052	0	</home/chrzissis/cclyzer-souffle/tests/coreutils-8.24/chown.bc>:!1054
</home/chrzissis/cclyzer-souffle/tests/coreutils-8.24/chown.bc>:!1052	1	</home/chrzissis/cclyzer-souffle/tests/coreutils-8.24/chown.bc>:!1055
</home/chrzissis/cclyzer-souffle/tests/coreutils-8.24/chown.bc>:!1052	2	</home/chrzissis/cclyzer-souffle/tests/coreutils-8.24/chown.bc>:!1057
</home/chrzissis/cclyzer-souffle/tests/coreutils-8.24/chown.bc>:!1036	12	</home/chrzissis/cclyzer-souffle/tests/coreutils-8.24/chown.bc>:!1050
</home/chrzissis/cclyzer-souffle/tests/coreutils-8.24/chown.bc>:!1036	13	</home/chrzissis/cclyzer-souffle/tests/coreutils-8.24/chown.bc>:!1058
</home/chrzissis/cclyzer-souffle/tests/coreutils-8.24/chown.bc>:!1036	14	</home/chrzissis/cclyzer-souffle/tests/coreutils-8.24/chown.bc>:!1059
</home/chrzissis/cclyzer-souffle/tests/coreutils-8.24/chown.bc>:!1036	15	</home/chrzissis/cclyzer-souffle/tests/coreutils-8.24/chown.bc>:!1060
</home/chrzissis/cclyzer-souffle/tests/coreutils-8.24/chown.bc>:!1036	16	</home/chrzissis/cclyzer-souffle/tests/coreutils-8.24/chown.bc>:!1061
</home/chrzissis/cclyzer-souffle/tests/coreutils-8.24/chown.bc>:!1036	17	</home/chrzissis/cclyzer-souffle/tests/coreutils-8.24/chown.bc>:!1062
</home/chrzissis/cclyzer-souffle/tests/coreutils-8.24/chown.bc>:!1036	18	</home/chrzissis/cclyzer-souffle/tests/coreutils-8.24/chown.bc>:!1063
</home/chrzissis/cclyzer-souffle/tests/coreutils-8.24/chown.bc>:!1036	19	</home/chrzissis/cclyzer-souffle/tests/coreutils-8.24/chown.bc>:!1064
</home/chrzissis/cclyzer-souffle/tests/coreutils-8.24/chown.bc>:!1036	20	</home/chrzissis/cclyzer-souffle/tests/coreutils-8.24/chown.bc>:!1065
</home/chrzissis/cclyzer-souffle/tests/coreutils-8.24/chown.bc>:!1036	21	</home/chrzissis/cclyzer-souffle/tests/coreutils-8.24/chown.bc>:!1066
</home/chrzissis/cclyzer-souffle/tests/coreutils-8.24/chown.bc>:!1036	22	</home/chrzissis/cclyzer-souffle/tests/coreutils-8.24/chown.bc>:!1067
</home/chrzissis/cclyzer-souffle/tests/coreutils-8.24/chown.bc>:!1036	23	</home/chrzissis/cclyzer-souffle/tests/coreutils-8.24/chown.bc>:!1068
</home/chrzissis/cclyzer-souffle/tests/coreutils-8.24/chown.bc>:!1036	24	</home/chrzissis/cclyzer-souffle/tests/coreutils-8.24/chown.bc>:!1069
</home/chrzissis/cclyzer-souffle/tests/coreutils-8.24/chown.bc>:!1036	25	</home/chrzissis/cclyzer-souffle/tests/coreutils-8.24/chown.bc>:!1070
</home/chrzissis/cclyzer-souffle/tests/coreutils-8.24/chown.bc>:!1036	26	</home/chrzissis/cclyzer-souffle/tests/coreutils-8.24/chown.bc>:!1071
</home/chrzissis/cclyzer-souffle/tests/coreutils-8.24/chown.bc>:!1036	27	</home/chrzissis/cclyzer-souffle/tests/coreutils-8.24/chown.bc>:!1072
</home/chrzissis/cclyzer-souffle/tests/coreutils-8.24/chown.bc>:!1036	28	</home/chrzissis/cclyzer-souffle/tests/coreutils-8.24/chown.bc>:!1073
</home/chrzissis/cclyzer-souffle/tests/coreutils-8.24/chown.bc>:!1084	0	</home/chrzissis/cclyzer-souffle/tests/coreutils-8.24/chown.bc>:!1086
</home/chrzissis/cclyzer-souffle/tests/coreutils-8.24/chown.bc>:!1084	1	</home/chrzissis/cclyzer-souffle/tests/coreutils-8.24/chown.bc>:!1087
</home/chrzissis/cclyzer-souffle/tests/coreutils-8.24/chown.bc>:!1081	0	</home/chrzissis/cclyzer-souffle/tests/coreutils-8.24/chown.bc>:!1083
</home/chrzissis/cclyzer-souffle/tests/coreutils-8.24/chown.bc>:!1081	1	</home/chrzissis/cclyzer-souffle/tests/coreutils-8.24/chown.bc>:!1088
</home/chrzissis/cclyzer-souffle/tests/coreutils-8.24/chown.bc>:!1081	2	</home/chrzissis/cclyzer-souffle/tests/coreutils-8.24/chown.bc>:!1089
</home/chrzissis/cclyzer-souffle/tests/coreutils-8.24/chown.bc>:!1095	0	</home/chrzissis/cclyzer-souffle/tests/coreutils-8.24/chown.bc>:!1097
</home/chrzissis/cclyzer-souffle/tests/coreutils-8.24/chown.bc>:!1095	1	</home/chrzissis/cclyzer-souffle/tests/coreutils-8.24/chown.bc>:!1098
</home/chrzissis/cclyzer-souffle/tests/coreutils-8.24/chown.bc>:!1095	2	</home/chrzissis/cclyzer-souffle/tests/coreutils-8.24/chown.bc>:!1099
</home/chrzissis/cclyzer-souffle/tests/coreutils-8.24/chown.bc>:!1095	3	</home/chrzissis/cclyzer-souffle/tests/coreutils-8.24/chown.bc>:!1100
</home/chrzissis/cclyzer-souffle/tests/coreutils-8.24/chown.bc>:!1095	4	</home/chrzissis/cclyzer-souffle/tests/coreutils-8.24/chown.bc>:!1101
</home/chrzissis/cclyzer-souffle/tests/coreutils-8.24/chown.bc>:!1095	5	</home/chrzissis/cclyzer-souffle/tests/coreutils-8.24/chown.bc>:!1102
</home/chrzissis/cclyzer-souffle/tests/coreutils-8.24/chown.bc>:!1095	6	</home/chrzissis/cclyzer-souffle/tests/coreutils-8.24/chown.bc>:!1103
</home/chrzissis/cclyzer-souffle/tests/coreutils-8.24/chown.bc>:!1095	7	</home/chrzissis/cclyzer-souffle/tests/coreutils-8.24/chown.bc>:!1104
</home/chrzissis/cclyzer-souffle/tests/coreutils-8.24/chown.bc>:!1095	8	</home/chrzissis/cclyzer-souffle/tests/coreutils-8.24/chown.bc>:!1105
</home/chrzissis/cclyzer-souffle/tests/coreutils-8.24/chown.bc>:!1095	9	</home/chrzissis/cclyzer-souffle/tests/coreutils-8.24/chown.bc>:!1106
</home/chrzissis/cclyzer-souffle/tests/coreutils-8.24/chown.bc>:!1095	10	</home/chrzissis/cclyzer-souffle/tests/coreutils-8.24/chown.bc>:!1107
</home/chrzissis/cclyzer-souffle/tests/coreutils-8.24/chown.bc>:!1109	0	</home/chrzissis/cclyzer-souffle/tests/coreutils-8.24/chown.bc>:!1111
</home/chrzissis/cclyzer-souffle/tests/coreutils-8.24/chown.bc>:!1109	1	</home/chrzissis/cclyzer-souffle/tests/coreutils-8.24/chown.bc>:!1112
</home/chrzissis/cclyzer-souffle/tests/coreutils-8.24/chown.bc>:!1095	11	</home/chrzissis/cclyzer-souffle/tests/coreutils-8.24/chown.bc>:!1108
</home/chrzissis/cclyzer-souffle/tests/coreutils-8.24/chown.bc>:!1095	12	</home/chrzissis/cclyzer-souffle/tests/coreutils-8.24/chown.bc>:!1113
</home/chrzissis/cclyzer-souffle/tests/coreutils-8.24/chown.bc>:!1095	13	</home/chrzissis/cclyzer-souffle/tests/coreutils-8.24/chown.bc>:!1114
</home/chrzissis/cclyzer-souffle/tests/coreutils-8.24/chown.bc>:!1095	14	</home/chrzissis/cclyzer-souffle/tests/coreutils-8.24/chown.bc>:!1115
</home/chrzissis/cclyzer-souffle/tests/coreutils-8.24/chown.bc>:!1140	0	</home/chrzissis/cclyzer-souffle/tests/coreutils-8.24/chown.bc>:!1142
</home/chrzissis/cclyzer-souffle/tests/coreutils-8.24/chown.bc>:!1140	1	</home/chrzissis/cclyzer-souffle/tests/coreutils-8.24/chown.bc>:!1143
</home/chrzissis/cclyzer-souffle/tests/coreutils-8.24/chown.bc>:!1136	0	</home/chrzissis/cclyzer-souffle/tests/coreutils-8.24/chown.bc>:!1138
</home/chrzissis/cclyzer-souffle/tests/coreutils-8.24/chown.bc>:!1136	1	</home/chrzissis/cclyzer-souffle/tests/coreutils-8.24/chown.bc>:!1144
</home/chrzissis/cclyzer-souffle/tests/coreutils-8.24/chown.bc>:!1136	2	</home/chrzissis/cclyzer-souffle/tests/coreutils-8.24/chown.bc>:!1147
</home/chrzissis/cclyzer-souffle/tests/coreutils-8.24/chown.bc>:!1136	3	</home/chrzissis/cclyzer-souffle/tests/coreutils-8.24/chown.bc>:!1148
</home/chrzissis/cclyzer-souffle/tests/coreutils-8.24/chown.bc>:!1136	4	</home/chrzissis/cclyzer-souffle/tests/coreutils-8.24/chown.bc>:!1149
</home/chrzissis/cclyzer-souffle/tests/coreutils-8.24/chown.bc>:!1154	0	</home/chrzissis/cclyzer-souffle/tests/coreutils-8.24/chown.bc>:!1156
</home/chrzissis/cclyzer-souffle/tests/coreutils-8.24/chown.bc>:!1154	1	</home/chrzissis/cclyzer-souffle/tests/coreutils-8.24/chown.bc>:!1158
</home/chrzissis/cclyzer-souffle/tests/coreutils-8.24/chown.bc>:!1154	2	</home/chrzissis/cclyzer-souffle/tests/coreutils-8.24/chown.bc>:!1159
</home/chrzissis/cclyzer-souffle/tests/coreutils-8.24/chown.bc>:!1154	3	</home/chrzissis/cclyzer-souffle/tests/coreutils-8.24/chown.bc>:!1160
</home/chrzissis/cclyzer-souffle/tests/coreutils-8.24/chown.bc>:!1154	4	</home/chrzissis/cclyzer-souffle/tests/coreutils-8.24/chown.bc>:!1161
</home/chrzissis/cclyzer-souffle/tests/coreutils-8.24/chown.bc>:!1136	5	</home/chrzissis/cclyzer-souffle/tests/coreutils-8.24/chown.bc>:!1150
</home/chrzissis/cclyzer-souffle/tests/coreutils-8.24/chown.bc>:!1136	6	</home/chrzissis/cclyzer-souffle/tests/coreutils-8.24/chown.bc>:!1162
</home/chrzissis/cclyzer-souffle/tests/coreutils-8.24/chown.bc>:!1136	7	</home/chrzissis/cclyzer-souffle/tests/coreutils-8.24/chown.bc>:!1165
</home/chrzissis/cclyzer-souffle/tests/coreutils-8.24/chown.bc>:!1136	8	</home/chrzissis/cclyzer-souffle/tests/coreutils-8.24/chown.bc>:!1168
</home/chrzissis/cclyzer-souffle/tests/coreutils-8.24/chown.bc>:!1136	9	</home/chrzissis/cclyzer-souffle/tests/coreutils-8.24/chown.bc>:!1173
</home/chrzissis/cclyzer-souffle/tests/coreutils-8.24/chown.bc>:!1185	0	</home/chrzissis/cclyzer-souffle/tests/coreutils-8.24/chown.bc>:!1187
</home/chrzissis/cclyzer-souffle/tests/coreutils-8.24/chown.bc>:!1185	1	</home/chrzissis/cclyzer-souffle/tests/coreutils-8.24/chown.bc>:!1188
</home/chrzissis/cclyzer-souffle/tests/coreutils-8.24/chown.bc>:!1185	2	</home/chrzissis/cclyzer-souffle/tests/coreutils-8.24/chown.bc>:!1189
</home/chrzissis/cclyzer-souffle/tests/coreutils-8.24/chown.bc>:!1185	3	</home/chrzissis/cclyzer-souffle/tests/coreutils-8.24/chown.bc>:!1190
</home/chrzissis/cclyzer-souffle/tests/coreutils-8.24/chown.bc>:!1185	4	</home/chrzissis/cclyzer-souffle/tests/coreutils-8.24/chown.bc>:!1191
</home/chrzissis/cclyzer-souffle/tests/coreutils-8.24/chown.bc>:!1185	5	</home/chrzissis/cclyzer-souffle/tests/coreutils-8.24/chown.bc>:!1192
</home/chrzissis/cclyzer-souffle/tests/coreutils-8.24/chown.bc>:!1185	6	</home/chrzissis/cclyzer-souffle/tests/coreutils-8.24/chown.bc>:!1193
</home/chrzissis/cclyzer-souffle/tests/coreutils-8.24/chown.bc>:!1185	7	</home/chrzissis/cclyzer-souffle/tests/coreutils-8.24/chown.bc>:!1194
</home/chrzissis/cclyzer-souffle/tests/coreutils-8.24/chown.bc>:!1185	8	</home/chrzissis/cclyzer-souffle/tests/coreutils-8.24/chown.bc>:!1195
</home/chrzissis/cclyzer-souffle/tests/coreutils-8.24/chown.bc>:!1185	9	</home/chrzissis/cclyzer-souffle/tests/coreutils-8.24/chown.bc>:!1196
</home/chrzissis/cclyzer-souffle/tests/coreutils-8.24/chown.bc>:!1185	10	</home/chrzissis/cclyzer-souffle/tests/coreutils-8.24/chown.bc>:!1197
</home/chrzissis/cclyzer-souffle/tests/coreutils-8.24/chown.bc>:!1185	11	</home/chrzissis/cclyzer-souffle/tests/coreutils-8.24/chown.bc>:!1198
</home/chrzissis/cclyzer-souffle/tests/coreutils-8.24/chown.bc>:!1201	0	</home/chrzissis/cclyzer-souffle/tests/coreutils-8.24/chown.bc>:!1203
</home/chrzissis/cclyzer-souffle/tests/coreutils-8.24/chown.bc>:!1201	1	</home/chrzissis/cclyzer-souffle/tests/coreutils-8.24/chown.bc>:!1204
</home/chrzissis/cclyzer-souffle/tests/coreutils-8.24/chown.bc>:!1201	2	</home/chrzissis/cclyzer-souffle/tests/coreutils-8.24/chown.bc>:!1206
</home/chrzissis/cclyzer-souffle/tests/coreutils-8.24/chown.bc>:!1185	12	</home/chrzissis/cclyzer-souffle/tests/coreutils-8.24/chown.bc>:!1199
</home/chrzissis/cclyzer-souffle/tests/coreutils-8.24/chown.bc>:!1185	13	</home/chrzissis/cclyzer-souffle/tests/coreutils-8.24/chown.bc>:!1207
</home/chrzissis/cclyzer-souffle/tests/coreutils-8.24/chown.bc>:!1185	14	</home/chrzissis/cclyzer-souffle/tests/coreutils-8.24/chown.bc>:!1208
</home/chrzissis/cclyzer-souffle/tests/coreutils-8.24/chown.bc>:!1185	15	</home/chrzissis/cclyzer-souffle/tests/coreutils-8.24/chown.bc>:!1209
</home/chrzissis/cclyzer-souffle/tests/coreutils-8.24/chown.bc>:!1185	16	</home/chrzissis/cclyzer-souffle/tests/coreutils-8.24/chown.bc>:!1210
</home/chrzissis/cclyzer-souffle/tests/coreutils-8.24/chown.bc>:!1185	17	</home/chrzissis/cclyzer-souffle/tests/coreutils-8.24/chown.bc>:!1211
</home/chrzissis/cclyzer-souffle/tests/coreutils-8.24/chown.bc>:!1185	18	</home/chrzissis/cclyzer-souffle/tests/coreutils-8.24/chown.bc>:!1212
</home/chrzissis/cclyzer-souffle/tests/coreutils-8.24/chown.bc>:!1185	19	</home/chrzissis/cclyzer-souffle/tests/coreutils-8.24/chown.bc>:!1213
</home/chrzissis/cclyzer-souffle/tests/coreutils-8.24/chown.bc>:!1185	20	</home/chrzissis/cclyzer-souffle/tests/coreutils-8.24/chown.bc>:!1214
</home/chrzissis/cclyzer-souffle/tests/coreutils-8.24/chown.bc>:!1185	21	</home/chrzissis/cclyzer-souffle/tests/coreutils-8.24/chown.bc>:!1215
</home/chrzissis/cclyzer-souffle/tests/coreutils-8.24/chown.bc>:!1185	22	</home/chrzissis/cclyzer-souffle/tests/coreutils-8.24/chown.bc>:!1216
</home/chrzissis/cclyzer-souffle/tests/coreutils-8.24/chown.bc>:!1185	23	</home/chrzissis/cclyzer-souffle/tests/coreutils-8.24/chown.bc>:!1217
</home/chrzissis/cclyzer-souffle/tests/coreutils-8.24/chown.bc>:!1185	24	</home/chrzissis/cclyzer-souffle/tests/coreutils-8.24/chown.bc>:!1218
</home/chrzissis/cclyzer-souffle/tests/coreutils-8.24/chown.bc>:!1185	25	</home/chrzissis/cclyzer-souffle/tests/coreutils-8.24/chown.bc>:!1219
</home/chrzissis/cclyzer-souffle/tests/coreutils-8.24/chown.bc>:!1185	26	</home/chrzissis/cclyzer-souffle/tests/coreutils-8.24/chown.bc>:!1220
</home/chrzissis/cclyzer-souffle/tests/coreutils-8.24/chown.bc>:!1185	27	</home/chrzissis/cclyzer-souffle/tests/coreutils-8.24/chown.bc>:!1221
</home/chrzissis/cclyzer-souffle/tests/coreutils-8.24/chown.bc>:!1185	28	</home/chrzissis/cclyzer-souffle/tests/coreutils-8.24/chown.bc>:!1222
</home/chrzissis/cclyzer-souffle/tests/coreutils-8.24/chown.bc>:!1311	0	</home/chrzissis/cclyzer-souffle/tests/coreutils-8.24/chown.bc>:!1313
</home/chrzissis/cclyzer-souffle/tests/coreutils-8.24/chown.bc>:!1311	1	</home/chrzissis/cclyzer-souffle/tests/coreutils-8.24/chown.bc>:!1314
</home/chrzissis/cclyzer-souffle/tests/coreutils-8.24/chown.bc>:!1311	2	</home/chrzissis/cclyzer-souffle/tests/coreutils-8.24/chown.bc>:!1315
</home/chrzissis/cclyzer-souffle/tests/coreutils-8.24/chown.bc>:!1311	3	</home/chrzissis/cclyzer-souffle/tests/coreutils-8.24/chown.bc>:!1316
</home/chrzissis/cclyzer-souffle/tests/coreutils-8.24/chown.bc>:!1311	4	</home/chrzissis/cclyzer-souffle/tests/coreutils-8.24/chown.bc>:!1317
</home/chrzissis/cclyzer-souffle/tests/coreutils-8.24/chown.bc>:!1700	0	</home/chrzissis/cclyzer-souffle/tests/coreutils-8.24/chown.bc>:!1702
</home/chrzissis/cclyzer-souffle/tests/coreutils-8.24/chown.bc>:!1700	1	</home/chrzissis/cclyzer-souffle/tests/coreutils-8.24/chown.bc>:!1703
</home/chrzissis/cclyzer-souffle/tests/coreutils-8.24/chown.bc>:!1700	2	</home/chrzissis/cclyzer-souffle/tests/coreutils-8.24/chown.bc>:!1704
</home/chrzissis/cclyzer-souffle/tests/coreutils-8.24/chown.bc>:!1700	3	</home/chrzissis/cclyzer-souffle/tests/coreutils-8.24/chown.bc>:!1705
</home/chrzissis/cclyzer-souffle/tests/coreutils-8.24/chown.bc>:!1700	4	</home/chrzissis/cclyzer-souffle/tests/coreutils-8.24/chown.bc>:!1706
</home/chrzissis/cclyzer-souffle/tests/coreutils-8.24/chown.bc>:!1700	5	</home/chrzissis/cclyzer-souffle/tests/coreutils-8.24/chown.bc>:!1707
</home/chrzissis/cclyzer-souffle/tests/coreutils-8.24/chown.bc>:!1700	6	</home/chrzissis/cclyzer-souffle/tests/coreutils-8.24/chown.bc>:!1708
</home/chrzissis/cclyzer-souffle/tests/coreutils-8.24/chown.bc>:!1700	7	</home/chrzissis/cclyzer-souffle/tests/coreutils-8.24/chown.bc>:!1709
</home/chrzissis/cclyzer-souffle/tests/coreutils-8.24/chown.bc>:!1700	8	</home/chrzissis/cclyzer-souffle/tests/coreutils-8.24/chown.bc>:!1710
</home/chrzissis/cclyzer-souffle/tests/coreutils-8.24/chown.bc>:!1700	9	</home/chrzissis/cclyzer-souffle/tests/coreutils-8.24/chown.bc>:!1711
</home/chrzissis/cclyzer-souffle/tests/coreutils-8.24/chown.bc>:!1700	10	</home/chrzissis/cclyzer-souffle/tests/coreutils-8.24/chown.bc>:!1712
</home/chrzissis/cclyzer-souffle/tests/coreutils-8.24/chown.bc>:!1700	11	</home/chrzissis/cclyzer-souffle/tests/coreutils-8.24/chown.bc>:!1713
</home/chrzissis/cclyzer-souffle/tests/coreutils-8.24/chown.bc>:!1716	0	</home/chrzissis/cclyzer-souffle/tests/coreutils-8.24/chown.bc>:!1718
</home/chrzissis/cclyzer-souffle/tests/coreutils-8.24/chown.bc>:!1716	1	</home/chrzissis/cclyzer-souffle/tests/coreutils-8.24/chown.bc>:!1719
</home/chrzissis/cclyzer-souffle/tests/coreutils-8.24/chown.bc>:!1716	2	</home/chrzissis/cclyzer-souffle/tests/coreutils-8.24/chown.bc>:!1721
</home/chrzissis/cclyzer-souffle/tests/coreutils-8.24/chown.bc>:!1700	12	</home/chrzissis/cclyzer-souffle/tests/coreutils-8.24/chown.bc>:!1714
</home/chrzissis/cclyzer-souffle/tests/coreutils-8.24/chown.bc>:!1700	13	</home/chrzissis/cclyzer-souffle/tests/coreutils-8.24/chown.bc>:!1722
</home/chrzissis/cclyzer-souffle/tests/coreutils-8.24/chown.bc>:!1700	14	</home/chrzissis/cclyzer-souffle/tests/coreutils-8.24/chown.bc>:!1723
</home/chrzissis/cclyzer-souffle/tests/coreutils-8.24/chown.bc>:!1700	15	</home/chrzissis/cclyzer-souffle/tests/coreutils-8.24/chown.bc>:!1724
</home/chrzissis/cclyzer-souffle/tests/coreutils-8.24/chown.bc>:!1700	16	</home/chrzissis/cclyzer-souffle/tests/coreutils-8.24/chown.bc>:!1725
</home/chrzissis/cclyzer-souffle/tests/coreutils-8.24/chown.bc>:!1700	17	</home/chrzissis/cclyzer-souffle/tests/coreutils-8.24/chown.bc>:!1726
</home/chrzissis/cclyzer-souffle/tests/coreutils-8.24/chown.bc>:!1700	18	</home/chrzissis/cclyzer-souffle/tests/coreutils-8.24/chown.bc>:!1727
</home/chrzissis/cclyzer-souffle/tests/coreutils-8.24/chown.bc>:!1700	19	</home/chrzissis/cclyzer-souffle/tests/coreutils-8.24/chown.bc>:!1728
</home/chrzissis/cclyzer-souffle/tests/coreutils-8.24/chown.bc>:!1700	20	</home/chrzissis/cclyzer-souffle/tests/coreutils-8.24/chown.bc>:!1729
</home/chrzissis/cclyzer-souffle/tests/coreutils-8.24/chown.bc>:!1700	21	</home/chrzissis/cclyzer-souffle/tests/coreutils-8.24/chown.bc>:!1730
</home/chrzissis/cclyzer-souffle/tests/coreutils-8.24/chown.bc>:!1700	22	</home/chrzissis/cclyzer-souffle/tests/coreutils-8.24/chown.bc>:!1731
</home/chrzissis/cclyzer-souffle/tests/coreutils-8.24/chown.bc>:!1700	23	</home/chrzissis/cclyzer-souffle/tests/coreutils-8.24/chown.bc>:!1732
</home/chrzissis/cclyzer-souffle/tests/coreutils-8.24/chown.bc>:!1700	24	</home/chrzissis/cclyzer-souffle/tests/coreutils-8.24/chown.bc>:!1733
</home/chrzissis/cclyzer-souffle/tests/coreutils-8.24/chown.bc>:!1700	25	</home/chrzissis/cclyzer-souffle/tests/coreutils-8.24/chown.bc>:!1734
</home/chrzissis/cclyzer-souffle/tests/coreutils-8.24/chown.bc>:!1700	26	</home/chrzissis/cclyzer-souffle/tests/coreutils-8.24/chown.bc>:!1735
</home/chrzissis/cclyzer-souffle/tests/coreutils-8.24/chown.bc>:!1700	27	</home/chrzissis/cclyzer-souffle/tests/coreutils-8.24/chown.bc>:!1736
</home/chrzissis/cclyzer-souffle/tests/coreutils-8.24/chown.bc>:!1700	28	</home/chrzissis/cclyzer-souffle/tests/coreutils-8.24/chown.bc>:!1737
</home/chrzissis/cclyzer-souffle/tests/coreutils-8.24/chown.bc>:!1754	0	</home/chrzissis/cclyzer-souffle/tests/coreutils-8.24/chown.bc>:!1756
</home/chrzissis/cclyzer-souffle/tests/coreutils-8.24/chown.bc>:!1754	1	</home/chrzissis/cclyzer-souffle/tests/coreutils-8.24/chown.bc>:!1757
</home/chrzissis/cclyzer-souffle/tests/coreutils-8.24/chown.bc>:!1754	2	</home/chrzissis/cclyzer-souffle/tests/coreutils-8.24/chown.bc>:!1758
</home/chrzissis/cclyzer-souffle/tests/coreutils-8.24/chown.bc>:!1754	3	</home/chrzissis/cclyzer-souffle/tests/coreutils-8.24/chown.bc>:!1759
</home/chrzissis/cclyzer-souffle/tests/coreutils-8.24/chown.bc>:!1754	4	</home/chrzissis/cclyzer-souffle/tests/coreutils-8.24/chown.bc>:!1760
</home/chrzissis/cclyzer-souffle/tests/coreutils-8.24/chown.bc>:!1754	5	</home/chrzissis/cclyzer-souffle/tests/coreutils-8.24/chown.bc>:!1761
</home/chrzissis/cclyzer-souffle/tests/coreutils-8.24/chown.bc>:!1754	6	</home/chrzissis/cclyzer-souffle/tests/coreutils-8.24/chown.bc>:!1762
</home/chrzissis/cclyzer-souffle/tests/coreutils-8.24/chown.bc>:!1754	7	</home/chrzissis/cclyzer-souffle/tests/coreutils-8.24/chown.bc>:!1763
</home/chrzissis/cclyzer-souffle/tests/coreutils-8.24/chown.bc>:!1754	8	</home/chrzissis/cclyzer-souffle/tests/coreutils-8.24/chown.bc>:!1764
</home/chrzissis/cclyzer-souffle/tests/coreutils-8.24/chown.bc>:!1754	9	</home/chrzissis/cclyzer-souffle/tests/coreutils-8.24/chown.bc>:!1765
</home/chrzissis/cclyzer-souffle/tests/coreutils-8.24/chown.bc>:!1754	10	</home/chrzissis/cclyzer-souffle/tests/coreutils-8.24/chown.bc>:!1766
</home/chrzissis/cclyzer-souffle/tests/coreutils-8.24/chown.bc>:!1754	11	</home/chrzissis/cclyzer-souffle/tests/coreutils-8.24/chown.bc>:!1767
</home/chrzissis/cclyzer-souffle/tests/coreutils-8.24/chown.bc>:!1770	0	</home/chrzissis/cclyzer-souffle/tests/coreutils-8.24/chown.bc>:!1772
</home/chrzissis/cclyzer-souffle/tests/coreutils-8.24/chown.bc>:!1770	1	</home/chrzissis/cclyzer-souffle/tests/coreutils-8.24/chown.bc>:!1773
</home/chrzissis/cclyzer-souffle/tests/coreutils-8.24/chown.bc>:!1770	2	</home/chrzissis/cclyzer-souffle/tests/coreutils-8.24/chown.bc>:!1775
</home/chrzissis/cclyzer-souffle/tests/coreutils-8.24/chown.bc>:!1754	12	</home/chrzissis/cclyzer-souffle/tests/coreutils-8.24/chown.bc>:!1768
</home/chrzissis/cclyzer-souffle/tests/coreutils-8.24/chown.bc>:!1754	13	</home/chrzissis/cclyzer-souffle/tests/coreutils-8.24/chown.bc>:!1776
</home/chrzissis/cclyzer-souffle/tests/coreutils-8.24/chown.bc>:!1754	14	</home/chrzissis/cclyzer-souffle/tests/coreutils-8.24/chown.bc>:!1777
</home/chrzissis/cclyzer-souffle/tests/coreutils-8.24/chown.bc>:!1754	15	</home/chrzissis/cclyzer-souffle/tests/coreutils-8.24/chown.bc>:!1778
</home/chrzissis/cclyzer-souffle/tests/coreutils-8.24/chown.bc>:!1754	16	</home/chrzissis/cclyzer-souffle/tests/coreutils-8.24/chown.bc>:!1779
</home/chrzissis/cclyzer-souffle/tests/coreutils-8.24/chown.bc>:!1754	17	</home/chrzissis/cclyzer-souffle/tests/coreutils-8.24/chown.bc>:!1780
</home/chrzissis/cclyzer-souffle/tests/coreutils-8.24/chown.bc>:!1754	18	</home/chrzissis/cclyzer-souffle/tests/coreutils-8.24/chown.bc>:!1781
</home/chrzissis/cclyzer-souffle/tests/coreutils-8.24/chown.bc>:!1754	19	</home/chrzissis/cclyzer-souffle/tests/coreutils-8.24/chown.bc>:!1782
</home/chrzissis/cclyzer-souffle/tests/coreutils-8.24/chown.bc>:!1754	20	</home/chrzissis/cclyzer-souffle/tests/coreutils-8.24/chown.bc>:!1783
</home/chrzissis/cclyzer-souffle/tests/coreutils-8.24/chown.bc>:!1754	21	</home/chrzissis/cclyzer-souffle/tests/coreutils-8.24/chown.bc>:!1784
</home/chrzissis/cclyzer-souffle/tests/coreutils-8.24/chown.bc>:!1754	22	</home/chrzissis/cclyzer-souffle/tests/coreutils-8.24/chown.bc>:!1785
</home/chrzissis/cclyzer-souffle/tests/coreutils-8.24/chown.bc>:!1754	23	</home/chrzissis/cclyzer-souffle/tests/coreutils-8.24/chown.bc>:!1786
</home/chrzissis/cclyzer-souffle/tests/coreutils-8.24/chown.bc>:!1754	24	</home/chrzissis/cclyzer-souffle/tests/coreutils-8.24/chown.bc>:!1787
</home/chrzissis/cclyzer-souffle/tests/coreutils-8.24/chown.bc>:!1754	25	</home/chrzissis/cclyzer-souffle/tests/coreutils-8.24/chown.bc>:!1788
</home/chrzissis/cclyzer-souffle/tests/coreutils-8.24/chown.bc>:!1754	26	</home/chrzissis/cclyzer-souffle/tests/coreutils-8.24/chown.bc>:!1789
</home/chrzissis/cclyzer-souffle/tests/coreutils-8.24/chown.bc>:!1754	27	</home/chrzissis/cclyzer-souffle/tests/coreutils-8.24/chown.bc>:!1790
</home/chrzissis/cclyzer-souffle/tests/coreutils-8.24/chown.bc>:!1754	28	</home/chrzissis/cclyzer-souffle/tests/coreutils-8.24/chown.bc>:!1791
</home/chrzissis/cclyzer-souffle/tests/coreutils-8.24/chown.bc>:!1803	0	</home/chrzissis/cclyzer-souffle/tests/coreutils-8.24/chown.bc>:!1805
</home/chrzissis/cclyzer-souffle/tests/coreutils-8.24/chown.bc>:!1803	1	</home/chrzissis/cclyzer-souffle/tests/coreutils-8.24/chown.bc>:!1806
</home/chrzissis/cclyzer-souffle/tests/coreutils-8.24/chown.bc>:!1803	2	</home/chrzissis/cclyzer-souffle/tests/coreutils-8.24/chown.bc>:!1807
</home/chrzissis/cclyzer-souffle/tests/coreutils-8.24/chown.bc>:!1803	3	</home/chrzissis/cclyzer-souffle/tests/coreutils-8.24/chown.bc>:!1808
</home/chrzissis/cclyzer-souffle/tests/coreutils-8.24/chown.bc>:!1803	4	</home/chrzissis/cclyzer-souffle/tests/coreutils-8.24/chown.bc>:!1809
</home/chrzissis/cclyzer-souffle/tests/coreutils-8.24/chown.bc>:!1803	5	</home/chrzissis/cclyzer-souffle/tests/coreutils-8.24/chown.bc>:!1810
</home/chrzissis/cclyzer-souffle/tests/coreutils-8.24/chown.bc>:!1803	6	</home/chrzissis/cclyzer-souffle/tests/coreutils-8.24/chown.bc>:!1811
</home/chrzissis/cclyzer-souffle/tests/coreutils-8.24/chown.bc>:!1803	7	</home/chrzissis/cclyzer-souffle/tests/coreutils-8.24/chown.bc>:!1812
</home/chrzissis/cclyzer-souffle/tests/coreutils-8.24/chown.bc>:!1803	8	</home/chrzissis/cclyzer-souffle/tests/coreutils-8.24/chown.bc>:!1813
</home/chrzissis/cclyzer-souffle/tests/coreutils-8.24/chown.bc>:!1803	9	</home/chrzissis/cclyzer-souffle/tests/coreutils-8.24/chown.bc>:!1814
</home/chrzissis/cclyzer-souffle/tests/coreutils-8.24/chown.bc>:!1803	10	</home/chrzissis/cclyzer-souffle/tests/coreutils-8.24/chown.bc>:!1815
</home/chrzissis/cclyzer-souffle/tests/coreutils-8.24/chown.bc>:!1803	11	</home/chrzissis/cclyzer-souffle/tests/coreutils-8.24/chown.bc>:!1816
</home/chrzissis/cclyzer-souffle/tests/coreutils-8.24/chown.bc>:!1819	0	</home/chrzissis/cclyzer-souffle/tests/coreutils-8.24/chown.bc>:!1821
</home/chrzissis/cclyzer-souffle/tests/coreutils-8.24/chown.bc>:!1819	1	</home/chrzissis/cclyzer-souffle/tests/coreutils-8.24/chown.bc>:!1822
</home/chrzissis/cclyzer-souffle/tests/coreutils-8.24/chown.bc>:!1819	2	</home/chrzissis/cclyzer-souffle/tests/coreutils-8.24/chown.bc>:!1824
</home/chrzissis/cclyzer-souffle/tests/coreutils-8.24/chown.bc>:!1803	12	</home/chrzissis/cclyzer-souffle/tests/coreutils-8.24/chown.bc>:!1817
</home/chrzissis/cclyzer-souffle/tests/coreutils-8.24/chown.bc>:!1803	13	</home/chrzissis/cclyzer-souffle/tests/coreutils-8.24/chown.bc>:!1825
</home/chrzissis/cclyzer-souffle/tests/coreutils-8.24/chown.bc>:!1803	14	</home/chrzissis/cclyzer-souffle/tests/coreutils-8.24/chown.bc>:!1826
</home/chrzissis/cclyzer-souffle/tests/coreutils-8.24/chown.bc>:!1803	15	</home/chrzissis/cclyzer-souffle/tests/coreutils-8.24/chown.bc>:!1827
</home/chrzissis/cclyzer-souffle/tests/coreutils-8.24/chown.bc>:!1803	16	</home/chrzissis/cclyzer-souffle/tests/coreutils-8.24/chown.bc>:!1828
</home/chrzissis/cclyzer-souffle/tests/coreutils-8.24/chown.bc>:!1803	17	</home/chrzissis/cclyzer-souffle/tests/coreutils-8.24/chown.bc>:!1829
</home/chrzissis/cclyzer-souffle/tests/coreutils-8.24/chown.bc>:!1803	18	</home/chrzissis/cclyzer-souffle/tests/coreutils-8.24/chown.bc>:!1830
</home/chrzissis/cclyzer-souffle/tests/coreutils-8.24/chown.bc>:!1803	19	</home/chrzissis/cclyzer-souffle/tests/coreutils-8.24/chown.bc>:!1831
</home/chrzissis/cclyzer-souffle/tests/coreutils-8.24/chown.bc>:!1803	20	</home/chrzissis/cclyzer-souffle/tests/coreutils-8.24/chown.bc>:!1832
</home/chrzissis/cclyzer-souffle/tests/coreutils-8.24/chown.bc>:!1803	21	</home/chrzissis/cclyzer-souffle/tests/coreutils-8.24/chown.bc>:!1833
</home/chrzissis/cclyzer-souffle/tests/coreutils-8.24/chown.bc>:!1803	22	</home/chrzissis/cclyzer-souffle/tests/coreutils-8.24/chown.bc>:!1834
</home/chrzissis/cclyzer-souffle/tests/coreutils-8.24/chown.bc>:!1803	23	</home/chrzissis/cclyzer-souffle/tests/coreutils-8.24/chown.bc>:!1835
</home/chrzissis/cclyzer-souffle/tests/coreutils-8.24/chown.bc>:!1803	24	</home/chrzissis/cclyzer-souffle/tests/coreutils-8.24/chown.bc>:!1836
</home/chrzissis/cclyzer-souffle/tests/coreutils-8.24/chown.bc>:!1803	25	</home/chrzissis/cclyzer-souffle/tests/coreutils-8.24/chown.bc>:!1837
</home/chrzissis/cclyzer-souffle/tests/coreutils-8.24/chown.bc>:!1803	26	</home/chrzissis/cclyzer-souffle/tests/coreutils-8.24/chown.bc>:!1838
</home/chrzissis/cclyzer-souffle/tests/coreutils-8.24/chown.bc>:!1803	27	</home/chrzissis/cclyzer-souffle/tests/coreutils-8.24/chown.bc>:!1839
</home/chrzissis/cclyzer-souffle/tests/coreutils-8.24/chown.bc>:!1803	28	</home/chrzissis/cclyzer-souffle/tests/coreutils-8.24/chown.bc>:!1840
</home/chrzissis/cclyzer-souffle/tests/coreutils-8.24/chown.bc>:!37	0	</home/chrzissis/cclyzer-souffle/tests/coreutils-8.24/chown.bc>:!40
</home/chrzissis/cclyzer-souffle/tests/coreutils-8.24/chown.bc>:!37	1	</home/chrzissis/cclyzer-souffle/tests/coreutils-8.24/chown.bc>:!46
</home/chrzissis/cclyzer-souffle/tests/coreutils-8.24/chown.bc>:!53	0	</home/chrzissis/cclyzer-souffle/tests/coreutils-8.24/chown.bc>:!55
</home/chrzissis/cclyzer-souffle/tests/coreutils-8.24/chown.bc>:!53	1	</home/chrzissis/cclyzer-souffle/tests/coreutils-8.24/chown.bc>:!56
</home/chrzissis/cclyzer-souffle/tests/coreutils-8.24/chown.bc>:!62	0	</home/chrzissis/cclyzer-souffle/tests/coreutils-8.24/chown.bc>:!65
</home/chrzissis/cclyzer-souffle/tests/coreutils-8.24/chown.bc>:!62	1	</home/chrzissis/cclyzer-souffle/tests/coreutils-8.24/chown.bc>:!66
</home/chrzissis/cclyzer-souffle/tests/coreutils-8.24/chown.bc>:!62	2	</home/chrzissis/cclyzer-souffle/tests/coreutils-8.24/chown.bc>:!67
</home/chrzissis/cclyzer-souffle/tests/coreutils-8.24/chown.bc>:!62	3	</home/chrzissis/cclyzer-souffle/tests/coreutils-8.24/chown.bc>:!69
</home/chrzissis/cclyzer-souffle/tests/coreutils-8.24/chown.bc>:!469	0	</home/chrzissis/cclyzer-souffle/tests/coreutils-8.24/chown.bc>:!471
</home/chrzissis/cclyzer-souffle/tests/coreutils-8.24/chown.bc>:!469	1	</home/chrzissis/cclyzer-souffle/tests/coreutils-8.24/chown.bc>:!472
</home/chrzissis/cclyzer-souffle/tests/coreutils-8.24/chown.bc>:!1944	0	</home/chrzissis/cclyzer-souffle/tests/coreutils-8.24/chown.bc>:!1946
</home/chrzissis/cclyzer-souffle/tests/coreutils-8.24/chown.bc>:!1944	1	</home/chrzissis/cclyzer-souffle/tests/coreutils-8.24/chown.bc>:!1947
</home/chrzissis/cclyzer-souffle/tests/coreutils-8.24/chown.bc>:!1944	2	</home/chrzissis/cclyzer-souffle/tests/coreutils-8.24/chown.bc>:!1948
</home/chrzissis/cclyzer-souffle/tests/coreutils-8.24/chown.bc>:!1944	3	</home/chrzissis/cclyzer-souffle/tests/coreutils-8.24/chown.bc>:!1950
</home/chrzissis/cclyzer-souffle/tests/coreutils-8.24/chown.bc>:!1944	4	</home/chrzissis/cclyzer-souffle/tests/coreutils-8.24/chown.bc>:!1951
</home/chrzissis/cclyzer-souffle/tests/coreutils-8.24/chown.bc>:!1944	5	</home/chrzissis/cclyzer-souffle/tests/coreutils-8.24/chown.bc>:!1952
</home/chrzissis/cclyzer-souffle/tests/coreutils-8.24/chown.bc>:!1944	6	</home/chrzissis/cclyzer-souffle/tests/coreutils-8.24/chown.bc>:!1953
</home/chrzissis/cclyzer-souffle/tests/coreutils-8.24/chown.bc>:!2074	0	</home/chrzissis/cclyzer-souffle/tests/coreutils-8.24/chown.bc>:!2076
</home/chrzissis/cclyzer-souffle/tests/coreutils-8.24/chown.bc>:!2074	1	</home/chrzissis/cclyzer-souffle/tests/coreutils-8.24/chown.bc>:!2077
</home/chrzissis/cclyzer-souffle/tests/coreutils-8.24/chown.bc>:!2074	2	</home/chrzissis/cclyzer-souffle/tests/coreutils-8.24/chown.bc>:!2078
</home/chrzissis/cclyzer-souffle/tests/coreutils-8.24/chown.bc>:!2074	3	</home/chrzissis/cclyzer-souffle/tests/coreutils-8.24/chown.bc>:!2079
</home/chrzissis/cclyzer-souffle/tests/coreutils-8.24/chown.bc>:!2074	4	</home/chrzissis/cclyzer-souffle/tests/coreutils-8.24/chown.bc>:!2080
</home/chrzissis/cclyzer-souffle/tests/coreutils-8.24/chown.bc>:!2074	5	</home/chrzissis/cclyzer-souffle/tests/coreutils-8.24/chown.bc>:!2081
</home/chrzissis/cclyzer-souffle/tests/coreutils-8.24/chown.bc>:!2074	6	</home/chrzissis/cclyzer-souffle/tests/coreutils-8.24/chown.bc>:!2082
</home/chrzissis/cclyzer-souffle/tests/coreutils-8.24/chown.bc>:!2074	7	</home/chrzissis/cclyzer-souffle/tests/coreutils-8.24/chown.bc>:!2083
</home/chrzissis/cclyzer-souffle/tests/coreutils-8.24/chown.bc>:!2074	8	</home/chrzissis/cclyzer-souffle/tests/coreutils-8.24/chown.bc>:!2084
</home/chrzissis/cclyzer-souffle/tests/coreutils-8.24/chown.bc>:!2074	9	</home/chrzissis/cclyzer-souffle/tests/coreutils-8.24/chown.bc>:!2085
</home/chrzissis/cclyzer-souffle/tests/coreutils-8.24/chown.bc>:!2074	10	</home/chrzissis/cclyzer-souffle/tests/coreutils-8.24/chown.bc>:!2086
</home/chrzissis/cclyzer-souffle/tests/coreutils-8.24/chown.bc>:!2088	0	</home/chrzissis/cclyzer-souffle/tests/coreutils-8.24/chown.bc>:!2090
</home/chrzissis/cclyzer-souffle/tests/coreutils-8.24/chown.bc>:!2088	1	</home/chrzissis/cclyzer-souffle/tests/coreutils-8.24/chown.bc>:!2091
</home/chrzissis/cclyzer-souffle/tests/coreutils-8.24/chown.bc>:!2074	11	</home/chrzissis/cclyzer-souffle/tests/coreutils-8.24/chown.bc>:!2087
</home/chrzissis/cclyzer-souffle/tests/coreutils-8.24/chown.bc>:!2074	12	</home/chrzissis/cclyzer-souffle/tests/coreutils-8.24/chown.bc>:!2092
</home/chrzissis/cclyzer-souffle/tests/coreutils-8.24/chown.bc>:!2074	13	</home/chrzissis/cclyzer-souffle/tests/coreutils-8.24/chown.bc>:!2093
</home/chrzissis/cclyzer-souffle/tests/coreutils-8.24/chown.bc>:!2074	14	</home/chrzissis/cclyzer-souffle/tests/coreutils-8.24/chown.bc>:!2094
</home/chrzissis/cclyzer-souffle/tests/coreutils-8.24/chown.bc>:!2280	0	</home/chrzissis/cclyzer-souffle/tests/coreutils-8.24/chown.bc>:!2283
</home/chrzissis/cclyzer-souffle/tests/coreutils-8.24/chown.bc>:!2280	1	</home/chrzissis/cclyzer-souffle/tests/coreutils-8.24/chown.bc>:!2284
</home/chrzissis/cclyzer-souffle/tests/coreutils-8.24/chown.bc>:!2280	2	</home/chrzissis/cclyzer-souffle/tests/coreutils-8.24/chown.bc>:!2285
</home/chrzissis/cclyzer-souffle/tests/coreutils-8.24/chown.bc>:!2280	3	</home/chrzissis/cclyzer-souffle/tests/coreutils-8.24/chown.bc>:!2286
</home/chrzissis/cclyzer-souffle/tests/coreutils-8.24/chown.bc>:!2307	0	</home/chrzissis/cclyzer-souffle/tests/coreutils-8.24/chown.bc>:!2310
</home/chrzissis/cclyzer-souffle/tests/coreutils-8.24/chown.bc>:!2307	1	</home/chrzissis/cclyzer-souffle/tests/coreutils-8.24/chown.bc>:!2311
</home/chrzissis/cclyzer-souffle/tests/coreutils-8.24/chown.bc>:!2307	2	</home/chrzissis/cclyzer-souffle/tests/coreutils-8.24/chown.bc>:!2312
</home/chrzissis/cclyzer-souffle/tests/coreutils-8.24/chown.bc>:!2307	3	</home/chrzissis/cclyzer-souffle/tests/coreutils-8.24/chown.bc>:!2313
</home/chrzissis/cclyzer-souffle/tests/coreutils-8.24/chown.bc>:!2307	4	</home/chrzissis/cclyzer-souffle/tests/coreutils-8.24/chown.bc>:!2314
</home/chrzissis/cclyzer-souffle/tests/coreutils-8.24/chown.bc>:!2307	5	</home/chrzissis/cclyzer-souffle/tests/coreutils-8.24/chown.bc>:!2315
</home/chrzissis/cclyzer-souffle/tests/coreutils-8.24/chown.bc>:!2307	6	</home/chrzissis/cclyzer-souffle/tests/coreutils-8.24/chown.bc>:!2316
</home/chrzissis/cclyzer-souffle/tests/coreutils-8.24/chown.bc>:!4350	0	</home/chrzissis/cclyzer-souffle/tests/coreutils-8.24/chown.bc>:!4352
</home/chrzissis/cclyzer-souffle/tests/coreutils-8.24/chown.bc>:!4354	0	</home/chrzissis/cclyzer-souffle/tests/coreutils-8.24/chown.bc>:!4356
</home/chrzissis/cclyzer-souffle/tests/coreutils-8.24/chown.bc>:!4354	1	</home/chrzissis/cclyzer-souffle/tests/coreutils-8.24/chown.bc>:!4357
</home/chrzissis/cclyzer-souffle/tests/coreutils-8.24/chown.bc>:!4350	1	</home/chrzissis/cclyzer-souffle/tests/coreutils-8.24/chown.bc>:!4353
</home/chrzissis/cclyzer-souffle/tests/coreutils-8.24/chown.bc>:!4893	0	</home/chrzissis/cclyzer-souffle/tests/coreutils-8.24/chown.bc>:!4895
</home/chrzissis/cclyzer-souffle/tests/coreutils-8.24/chown.bc>:!4893	1	</home/chrzissis/cclyzer-souffle/tests/coreutils-8.24/chown.bc>:!4896
</home/chrzissis/cclyzer-souffle/tests/coreutils-8.24/chown.bc>:!4893	2	</home/chrzissis/cclyzer-souffle/tests/coreutils-8.24/chown.bc>:!4897
</home/chrzissis/cclyzer-souffle/tests/coreutils-8.24/chown.bc>:!4893	3	</home/chrzissis/cclyzer-souffle/tests/coreutils-8.24/chown.bc>:!4898
</home/chrzissis/cclyzer-souffle/tests/coreutils-8.24/chown.bc>:!4893	4	</home/chrzissis/cclyzer-souffle/tests/coreutils-8.24/chown.bc>:!4899
</home/chrzissis/cclyzer-souffle/tests/coreutils-8.24/chown.bc>:!4893	5	</home/chrzissis/cclyzer-souffle/tests/coreutils-8.24/chown.bc>:!4900
</home/chrzissis/cclyzer-souffle/tests/coreutils-8.24/chown.bc>:!4893	6	</home/chrzissis/cclyzer-souffle/tests/coreutils-8.24/chown.bc>:!4901
</home/chrzissis/cclyzer-souffle/tests/coreutils-8.24/chown.bc>:!4893	7	</home/chrzissis/cclyzer-souffle/tests/coreutils-8.24/chown.bc>:!4902
</home/chrzissis/cclyzer-souffle/tests/coreutils-8.24/chown.bc>:!4893	8	</home/chrzissis/cclyzer-souffle/tests/coreutils-8.24/chown.bc>:!4903
</home/chrzissis/cclyzer-souffle/tests/coreutils-8.24/chown.bc>:!4893	9	</home/chrzissis/cclyzer-souffle/tests/coreutils-8.24/chown.bc>:!4904
</home/chrzissis/cclyzer-souffle/tests/coreutils-8.24/chown.bc>:!4893	10	</home/chrzissis/cclyzer-souffle/tests/coreutils-8.24/chown.bc>:!4905
</home/chrzissis/cclyzer-souffle/tests/coreutils-8.24/chown.bc>:!4907	0	</home/chrzissis/cclyzer-souffle/tests/coreutils-8.24/chown.bc>:!4909
</home/chrzissis/cclyzer-souffle/tests/coreutils-8.24/chown.bc>:!4907	1	</home/chrzissis/cclyzer-souffle/tests/coreutils-8.24/chown.bc>:!4910
</home/chrzissis/cclyzer-souffle/tests/coreutils-8.24/chown.bc>:!4893	11	</home/chrzissis/cclyzer-souffle/tests/coreutils-8.24/chown.bc>:!4906
</home/chrzissis/cclyzer-souffle/tests/coreutils-8.24/chown.bc>:!4893	12	</home/chrzissis/cclyzer-souffle/tests/coreutils-8.24/chown.bc>:!4911
</home/chrzissis/cclyzer-souffle/tests/coreutils-8.24/chown.bc>:!4893	13	</home/chrzissis/cclyzer-souffle/tests/coreutils-8.24/chown.bc>:!4912
</home/chrzissis/cclyzer-souffle/tests/coreutils-8.24/chown.bc>:!4893	14	</home/chrzissis/cclyzer-souffle/tests/coreutils-8.24/chown.bc>:!4913
</home/chrzissis/cclyzer-souffle/tests/coreutils-8.24/chown.bc>:!5007	0	</home/chrzissis/cclyzer-souffle/tests/coreutils-8.24/chown.bc>:!5009
</home/chrzissis/cclyzer-souffle/tests/coreutils-8.24/chown.bc>:!5007	1	</home/chrzissis/cclyzer-souffle/tests/coreutils-8.24/chown.bc>:!5010
</home/chrzissis/cclyzer-souffle/tests/coreutils-8.24/chown.bc>:!5007	2	</home/chrzissis/cclyzer-souffle/tests/coreutils-8.24/chown.bc>:!5011
</home/chrzissis/cclyzer-souffle/tests/coreutils-8.24/chown.bc>:!5007	3	</home/chrzissis/cclyzer-souffle/tests/coreutils-8.24/chown.bc>:!5012
</home/chrzissis/cclyzer-souffle/tests/coreutils-8.24/chown.bc>:!5007	4	</home/chrzissis/cclyzer-souffle/tests/coreutils-8.24/chown.bc>:!5013
</home/chrzissis/cclyzer-souffle/tests/coreutils-8.24/chown.bc>:!5007	5	</home/chrzissis/cclyzer-souffle/tests/coreutils-8.24/chown.bc>:!5014
</home/chrzissis/cclyzer-souffle/tests/coreutils-8.24/chown.bc>:!5007	6	</home/chrzissis/cclyzer-souffle/tests/coreutils-8.24/chown.bc>:!5015
</home/chrzissis/cclyzer-souffle/tests/coreutils-8.24/chown.bc>:!5019	0	</home/chrzissis/cclyzer-souffle/tests/coreutils-8.24/chown.bc>:!5021
</home/chrzissis/cclyzer-souffle/tests/coreutils-8.24/chown.bc>:!5019	1	</home/chrzissis/cclyzer-souffle/tests/coreutils-8.24/chown.bc>:!5022
</home/chrzissis/cclyzer-souffle/tests/coreutils-8.24/chown.bc>:!5019	2	</home/chrzissis/cclyzer-souffle/tests/coreutils-8.24/chown.bc>:!5023
</home/chrzissis/cclyzer-souffle/tests/coreutils-8.24/chown.bc>:!5019	3	</home/chrzissis/cclyzer-souffle/tests/coreutils-8.24/chown.bc>:!5024
</home/chrzissis/cclyzer-souffle/tests/coreutils-8.24/chown.bc>:!7879	0	</home/chrzissis/cclyzer-souffle/tests/coreutils-8.24/chown.bc>:!7881
</home/chrzissis/cclyzer-souffle/tests/coreutils-8.24/chown.bc>:!7879	1	</home/chrzissis/cclyzer-souffle/tests/coreutils-8.24/chown.bc>:!7882
</home/chrzissis/cclyzer-souffle/tests/coreutils-8.24/chown.bc>:!7879	2	</home/chrzissis/cclyzer-souffle/tests/coreutils-8.24/chown.bc>:!7883
</home/chrzissis/cclyzer-souffle/tests/coreutils-8.24/chown.bc>:!8404	0	</home/chrzissis/cclyzer-souffle/tests/coreutils-8.24/chown.bc>:!8407
</home/chrzissis/cclyzer-souffle/tests/coreutils-8.24/chown.bc>:!8404	1	</home/chrzissis/cclyzer-souffle/tests/coreutils-8.24/chown.bc>:!8408
</home/chrzissis/cclyzer-souffle/tests/coreutils-8.24/chown.bc>:!8404	2	</home/chrzissis/cclyzer-souffle/tests/coreutils-8.24/chown.bc>:!8409
</home/chrzissis/cclyzer-souffle/tests/coreutils-8.24/chown.bc>:!8404	3	</home/chrzissis/cclyzer-souffle/tests/coreutils-8.24/chown.bc>:!8410
</home/chrzissis/cclyzer-souffle/tests/coreutils-8.24/chown.bc>:!8404	4	</home/chrzissis/cclyzer-souffle/tests/coreutils-8.24/chown.bc>:!8411
</home/chrzissis/cclyzer-souffle/tests/coreutils-8.24/chown.bc>:!8898	0	</home/chrzissis/cclyzer-souffle/tests/coreutils-8.24/chown.bc>:!8900
</home/chrzissis/cclyzer-souffle/tests/coreutils-8.24/chown.bc>:!8898	1	</home/chrzissis/cclyzer-souffle/tests/coreutils-8.24/chown.bc>:!8901
</home/chrzissis/cclyzer-souffle/tests/coreutils-8.24/chown.bc>:!9203	0	</home/chrzissis/cclyzer-souffle/tests/coreutils-8.24/chown.bc>:!9206
</home/chrzissis/cclyzer-souffle/tests/coreutils-8.24/chown.bc>:!9203	1	</home/chrzissis/cclyzer-souffle/tests/coreutils-8.24/chown.bc>:!9208
</home/chrzissis/cclyzer-souffle/tests/coreutils-8.24/chown.bc>:!9203	2	</home/chrzissis/cclyzer-souffle/tests/coreutils-8.24/chown.bc>:!9209
</home/chrzissis/cclyzer-souffle/tests/coreutils-8.24/chown.bc>:!9203	3	</home/chrzissis/cclyzer-souffle/tests/coreutils-8.24/chown.bc>:!9211
</home/chrzissis/cclyzer-souffle/tests/coreutils-8.24/chown.bc>:!9203	4	</home/chrzissis/cclyzer-souffle/tests/coreutils-8.24/chown.bc>:!9212
</home/chrzissis/cclyzer-souffle/tests/coreutils-8.24/chown.bc>:!9203	5	</home/chrzissis/cclyzer-souffle/tests/coreutils-8.24/chown.bc>:!9213
</home/chrzissis/cclyzer-souffle/tests/coreutils-8.24/chown.bc>:!9203	6	</home/chrzissis/cclyzer-souffle/tests/coreutils-8.24/chown.bc>:!9215
</home/chrzissis/cclyzer-souffle/tests/coreutils-8.24/chown.bc>:!9218	0	</home/chrzissis/cclyzer-souffle/tests/coreutils-8.24/chown.bc>:!9220
</home/chrzissis/cclyzer-souffle/tests/coreutils-8.24/chown.bc>:!9203	7	</home/chrzissis/cclyzer-souffle/tests/coreutils-8.24/chown.bc>:!9216
</home/chrzissis/cclyzer-souffle/tests/coreutils-8.24/chown.bc>:!9203	8	</home/chrzissis/cclyzer-souffle/tests/coreutils-8.24/chown.bc>:!9224
</home/chrzissis/cclyzer-souffle/tests/coreutils-8.24/chown.bc>:!9203	9	</home/chrzissis/cclyzer-souffle/tests/coreutils-8.24/chown.bc>:!9225
</home/chrzissis/cclyzer-souffle/tests/coreutils-8.24/chown.bc>:!9203	10	</home/chrzissis/cclyzer-souffle/tests/coreutils-8.24/chown.bc>:!9226
</home/chrzissis/cclyzer-souffle/tests/coreutils-8.24/chown.bc>:!9203	11	</home/chrzissis/cclyzer-souffle/tests/coreutils-8.24/chown.bc>:!9227
</home/chrzissis/cclyzer-souffle/tests/coreutils-8.24/chown.bc>:!9692	0	</home/chrzissis/cclyzer-souffle/tests/coreutils-8.24/chown.bc>:!9694
</home/chrzissis/cclyzer-souffle/tests/coreutils-8.24/chown.bc>:!9692	1	</home/chrzissis/cclyzer-souffle/tests/coreutils-8.24/chown.bc>:!9695
</home/chrzissis/cclyzer-souffle/tests/coreutils-8.24/chown.bc>:!9692	2	</home/chrzissis/cclyzer-souffle/tests/coreutils-8.24/chown.bc>:!9696
</home/chrzissis/cclyzer-souffle/tests/coreutils-8.24/chown.bc>:!9692	3	</home/chrzissis/cclyzer-souffle/tests/coreutils-8.24/chown.bc>:!9697
</home/chrzissis/cclyzer-souffle/tests/coreutils-8.24/chown.bc>:!11709	0	</home/chrzissis/cclyzer-souffle/tests/coreutils-8.24/chown.bc>:!11711
</home/chrzissis/cclyzer-souffle/tests/coreutils-8.24/chown.bc>:!11709	1	</home/chrzissis/cclyzer-souffle/tests/coreutils-8.24/chown.bc>:!11712
</home/chrzissis/cclyzer-souffle/tests/coreutils-8.24/chown.bc>:!11709	2	</home/chrzissis/cclyzer-souffle/tests/coreutils-8.24/chown.bc>:!11713
</home/chrzissis/cclyzer-souffle/tests/coreutils-8.24/chown.bc>:!11709	3	</home/chrzissis/cclyzer-souffle/tests/coreutils-8.24/chown.bc>:!11714
</home/chrzissis/cclyzer-souffle/tests/coreutils-8.24/chown.bc>:!11709	4	</home/chrzissis/cclyzer-souffle/tests/coreutils-8.24/chown.bc>:!11715
</home/chrzissis/cclyzer-souffle/tests/coreutils-8.24/chown.bc>:!11709	5	</home/chrzissis/cclyzer-souffle/tests/coreutils-8.24/chown.bc>:!11716
</home/chrzissis/cclyzer-souffle/tests/coreutils-8.24/chown.bc>:!11709	6	</home/chrzissis/cclyzer-souffle/tests/coreutils-8.24/chown.bc>:!11717
</home/chrzissis/cclyzer-souffle/tests/coreutils-8.24/chown.bc>:!11709	7	</home/chrzissis/cclyzer-souffle/tests/coreutils-8.24/chown.bc>:!11718
</home/chrzissis/cclyzer-souffle/tests/coreutils-8.24/chown.bc>:!11709	8	</home/chrzissis/cclyzer-souffle/tests/coreutils-8.24/chown.bc>:!11719
</home/chrzissis/cclyzer-souffle/tests/coreutils-8.24/chown.bc>:!11709	9	</home/chrzissis/cclyzer-souffle/tests/coreutils-8.24/chown.bc>:!11720
</home/chrzissis/cclyzer-souffle/tests/coreutils-8.24/chown.bc>:!11709	10	</home/chrzissis/cclyzer-souffle/tests/coreutils-8.24/chown.bc>:!11721
</home/chrzissis/cclyzer-souffle/tests/coreutils-8.24/chown.bc>:!11709	11	</home/chrzissis/cclyzer-souffle/tests/coreutils-8.24/chown.bc>:!11722
</home/chrzissis/cclyzer-souffle/tests/coreutils-8.24/chown.bc>:!11725	0	</home/chrzissis/cclyzer-souffle/tests/coreutils-8.24/chown.bc>:!11727
</home/chrzissis/cclyzer-souffle/tests/coreutils-8.24/chown.bc>:!11725	1	</home/chrzissis/cclyzer-souffle/tests/coreutils-8.24/chown.bc>:!11728
</home/chrzissis/cclyzer-souffle/tests/coreutils-8.24/chown.bc>:!11725	2	</home/chrzissis/cclyzer-souffle/tests/coreutils-8.24/chown.bc>:!11730
</home/chrzissis/cclyzer-souffle/tests/coreutils-8.24/chown.bc>:!11709	12	</home/chrzissis/cclyzer-souffle/tests/coreutils-8.24/chown.bc>:!11723
</home/chrzissis/cclyzer-souffle/tests/coreutils-8.24/chown.bc>:!11709	13	</home/chrzissis/cclyzer-souffle/tests/coreutils-8.24/chown.bc>:!11731
</home/chrzissis/cclyzer-souffle/tests/coreutils-8.24/chown.bc>:!11709	14	</home/chrzissis/cclyzer-souffle/tests/coreutils-8.24/chown.bc>:!11732
</home/chrzissis/cclyzer-souffle/tests/coreutils-8.24/chown.bc>:!11709	15	</home/chrzissis/cclyzer-souffle/tests/coreutils-8.24/chown.bc>:!11733
</home/chrzissis/cclyzer-souffle/tests/coreutils-8.24/chown.bc>:!11709	16	</home/chrzissis/cclyzer-souffle/tests/coreutils-8.24/chown.bc>:!11734
</home/chrzissis/cclyzer-souffle/tests/coreutils-8.24/chown.bc>:!11709	17	</home/chrzissis/cclyzer-souffle/tests/coreutils-8.24/chown.bc>:!11735
</home/chrzissis/cclyzer-souffle/tests/coreutils-8.24/chown.bc>:!11709	18	</home/chrzissis/cclyzer-souffle/tests/coreutils-8.24/chown.bc>:!11736
</home/chrzissis/cclyzer-souffle/tests/coreutils-8.24/chown.bc>:!11709	19	</home/chrzissis/cclyzer-souffle/tests/coreutils-8.24/chown.bc>:!11737
</home/chrzissis/cclyzer-souffle/tests/coreutils-8.24/chown.bc>:!11709	20	</home/chrzissis/cclyzer-souffle/tests/coreutils-8.24/chown.bc>:!11738
</home/chrzissis/cclyzer-souffle/tests/coreutils-8.24/chown.bc>:!11709	21	</home/chrzissis/cclyzer-souffle/tests/coreutils-8.24/chown.bc>:!11739
</home/chrzissis/cclyzer-souffle/tests/coreutils-8.24/chown.bc>:!11709	22	</home/chrzissis/cclyzer-souffle/tests/coreutils-8.24/chown.bc>:!11740
</home/chrzissis/cclyzer-souffle/tests/coreutils-8.24/chown.bc>:!11709	23	</home/chrzissis/cclyzer-souffle/tests/coreutils-8.24/chown.bc>:!11741
</home/chrzissis/cclyzer-souffle/tests/coreutils-8.24/chown.bc>:!11709	24	</home/chrzissis/cclyzer-souffle/tests/coreutils-8.24/chown.bc>:!11742
</home/chrzissis/cclyzer-souffle/tests/coreutils-8.24/chown.bc>:!11709	25	</home/chrzissis/cclyzer-souffle/tests/coreutils-8.24/chown.bc>:!11743
</home/chrzissis/cclyzer-souffle/tests/coreutils-8.24/chown.bc>:!11709	26	</home/chrzissis/cclyzer-souffle/tests/coreutils-8.24/chown.bc>:!11744
</home/chrzissis/cclyzer-souffle/tests/coreutils-8.24/chown.bc>:!11709	27	</home/chrzissis/cclyzer-souffle/tests/coreutils-8.24/chown.bc>:!11745
</home/chrzissis/cclyzer-souffle/tests/coreutils-8.24/chown.bc>:!11709	28	</home/chrzissis/cclyzer-souffle/tests/coreutils-8.24/chown.bc>:!11746
</home/chrzissis/cclyzer-souffle/tests/coreutils-8.24/chown.bc>:!11946	0	</home/chrzissis/cclyzer-souffle/tests/coreutils-8.24/chown.bc>:!11948
</home/chrzissis/cclyzer-souffle/tests/coreutils-8.24/chown.bc>:!11946	1	</home/chrzissis/cclyzer-souffle/tests/coreutils-8.24/chown.bc>:!11949
</home/chrzissis/cclyzer-souffle/tests/coreutils-8.24/chown.bc>:!11946	2	</home/chrzissis/cclyzer-souffle/tests/coreutils-8.24/chown.bc>:!11950
</home/chrzissis/cclyzer-souffle/tests/coreutils-8.24/chown.bc>:!11946	3	</home/chrzissis/cclyzer-souffle/tests/coreutils-8.24/chown.bc>:!11951
</home/chrzissis/cclyzer-souffle/tests/coreutils-8.24/chown.bc>:!12063	0	</home/chrzissis/cclyzer-souffle/tests/coreutils-8.24/chown.bc>:!12065
</home/chrzissis/cclyzer-souffle/tests/coreutils-8.24/chown.bc>:!12063	1	</home/chrzissis/cclyzer-souffle/tests/coreutils-8.24/chown.bc>:!12066
</home/chrzissis/cclyzer-souffle/tests/coreutils-8.24/chown.bc>:!12063	2	</home/chrzissis/cclyzer-souffle/tests/coreutils-8.24/chown.bc>:!12067
</home/chrzissis/cclyzer-souffle/tests/coreutils-8.24/chown.bc>:!12063	3	</home/chrzissis/cclyzer-souffle/tests/coreutils-8.24/chown.bc>:!12068
