</home/chrzissis/cclyzer-souffle/tests/coreutils-8.24/chown.bc>:!15	1	</home/chrzissis/cclyzer-souffle/tests/coreutils-8.24/chown.bc>:!17
</home/chrzissis/cclyzer-souffle/tests/coreutils-8.24/chown.bc>:!20	0	</home/chrzissis/cclyzer-souffle/tests/coreutils-8.24/chown.bc>:!17
</home/chrzissis/cclyzer-souffle/tests/coreutils-8.24/chown.bc>:!20	1	</home/chrzissis/cclyzer-souffle/tests/coreutils-8.24/chown.bc>:!17
</home/chrzissis/cclyzer-souffle/tests/coreutils-8.24/chown.bc>:!20	2	</home/chrzissis/cclyzer-souffle/tests/coreutils-8.24/chown.bc>:!22
</home/chrzissis/cclyzer-souffle/tests/coreutils-8.24/chown.bc>:!28	1	</home/chrzissis/cclyzer-souffle/tests/coreutils-8.24/chown.bc>:!30
</home/chrzissis/cclyzer-souffle/tests/coreutils-8.24/chown.bc>:!33	0	</home/chrzissis/cclyzer-souffle/tests/coreutils-8.24/chown.bc>:!10
</home/chrzissis/cclyzer-souffle/tests/coreutils-8.24/chown.bc>:!33	1	</home/chrzissis/cclyzer-souffle/tests/coreutils-8.24/chown.bc>:!30
</home/chrzissis/cclyzer-souffle/tests/coreutils-8.24/chown.bc>:!96	1	</home/chrzissis/cclyzer-souffle/tests/coreutils-8.24/chown.bc>:!98
</home/chrzissis/cclyzer-souffle/tests/coreutils-8.24/chown.bc>:!116	0	</home/chrzissis/cclyzer-souffle/tests/coreutils-8.24/chown.bc>:!10
</home/chrzissis/cclyzer-souffle/tests/coreutils-8.24/chown.bc>:!116	1	</home/chrzissis/cclyzer-souffle/tests/coreutils-8.24/chown.bc>:!92
</home/chrzissis/cclyzer-souffle/tests/coreutils-8.24/chown.bc>:!119	0	</home/chrzissis/cclyzer-souffle/tests/coreutils-8.24/chown.bc>:!10
</home/chrzissis/cclyzer-souffle/tests/coreutils-8.24/chown.bc>:!119	1	</home/chrzissis/cclyzer-souffle/tests/coreutils-8.24/chown.bc>:!89
</home/chrzissis/cclyzer-souffle/tests/coreutils-8.24/chown.bc>:!122	0	</home/chrzissis/cclyzer-souffle/tests/coreutils-8.24/chown.bc>:!103
</home/chrzissis/cclyzer-souffle/tests/coreutils-8.24/chown.bc>:!122	1	</home/chrzissis/cclyzer-souffle/tests/coreutils-8.24/chown.bc>:!22
</home/chrzissis/cclyzer-souffle/tests/coreutils-8.24/chown.bc>:!122	2	</home/chrzissis/cclyzer-souffle/tests/coreutils-8.24/chown.bc>:!17
</home/chrzissis/cclyzer-souffle/tests/coreutils-8.24/chown.bc>:!122	3	</home/chrzissis/cclyzer-souffle/tests/coreutils-8.24/chown.bc>:!89
</home/chrzissis/cclyzer-souffle/tests/coreutils-8.24/chown.bc>:!122	4	</home/chrzissis/cclyzer-souffle/tests/coreutils-8.24/chown.bc>:!92
</home/chrzissis/cclyzer-souffle/tests/coreutils-8.24/chown.bc>:!122	5	</home/chrzissis/cclyzer-souffle/tests/coreutils-8.24/chown.bc>:!89
</home/chrzissis/cclyzer-souffle/tests/coreutils-8.24/chown.bc>:!122	6	</home/chrzissis/cclyzer-souffle/tests/coreutils-8.24/chown.bc>:!92
</home/chrzissis/cclyzer-souffle/tests/coreutils-8.24/chown.bc>:!122	7	</home/chrzissis/cclyzer-souffle/tests/coreutils-8.24/chown.bc>:!124
</home/chrzissis/cclyzer-souffle/tests/coreutils-8.24/chown.bc>:!127	0	</home/chrzissis/cclyzer-souffle/tests/coreutils-8.24/chown.bc>:!103
</home/chrzissis/cclyzer-souffle/tests/coreutils-8.24/chown.bc>:!218	0	</home/chrzissis/cclyzer-souffle/tests/coreutils-8.24/chown.bc>:!17
</home/chrzissis/cclyzer-souffle/tests/coreutils-8.24/chown.bc>:!218	1	</home/chrzissis/cclyzer-souffle/tests/coreutils-8.24/chown.bc>:!220
</home/chrzissis/cclyzer-souffle/tests/coreutils-8.24/chown.bc>:!218	2	</home/chrzissis/cclyzer-souffle/tests/coreutils-8.24/chown.bc>:!220
</home/chrzissis/cclyzer-souffle/tests/coreutils-8.24/chown.bc>:!127	1	</home/chrzissis/cclyzer-souffle/tests/coreutils-8.24/chown.bc>:!129
</home/chrzissis/cclyzer-souffle/tests/coreutils-8.24/chown.bc>:!127	2	</home/chrzissis/cclyzer-souffle/tests/coreutils-8.24/chown.bc>:!247
</home/chrzissis/cclyzer-souffle/tests/coreutils-8.24/chown.bc>:!127	3	</home/chrzissis/cclyzer-souffle/tests/coreutils-8.24/chown.bc>:!89
</home/chrzissis/cclyzer-souffle/tests/coreutils-8.24/chown.bc>:!127	4	</home/chrzissis/cclyzer-souffle/tests/coreutils-8.24/chown.bc>:!92
</home/chrzissis/cclyzer-souffle/tests/coreutils-8.24/chown.bc>:!127	5	</home/chrzissis/cclyzer-souffle/tests/coreutils-8.24/chown.bc>:!89
</home/chrzissis/cclyzer-souffle/tests/coreutils-8.24/chown.bc>:!127	6	</home/chrzissis/cclyzer-souffle/tests/coreutils-8.24/chown.bc>:!92
</home/chrzissis/cclyzer-souffle/tests/coreutils-8.24/chown.bc>:!127	7	</home/chrzissis/cclyzer-souffle/tests/coreutils-8.24/chown.bc>:!124
</home/chrzissis/cclyzer-souffle/tests/coreutils-8.24/chown.bc>:!250	0	</home/chrzissis/cclyzer-souffle/tests/coreutils-8.24/chown.bc>:!75
</home/chrzissis/cclyzer-souffle/tests/coreutils-8.24/chown.bc>:!250	1	</home/chrzissis/cclyzer-souffle/tests/coreutils-8.24/chown.bc>:!17
</home/chrzissis/cclyzer-souffle/tests/coreutils-8.24/chown.bc>:!250	2	</home/chrzissis/cclyzer-souffle/tests/coreutils-8.24/chown.bc>:!30
</home/chrzissis/cclyzer-souffle/tests/coreutils-8.24/chown.bc>:!250	3	</home/chrzissis/cclyzer-souffle/tests/coreutils-8.24/chown.bc>:!252
</home/chrzissis/cclyzer-souffle/tests/coreutils-8.24/chown.bc>:!250	4	</home/chrzissis/cclyzer-souffle/tests/coreutils-8.24/chown.bc>:!89
</home/chrzissis/cclyzer-souffle/tests/coreutils-8.24/chown.bc>:!250	5	</home/chrzissis/cclyzer-souffle/tests/coreutils-8.24/chown.bc>:!92
</home/chrzissis/cclyzer-souffle/tests/coreutils-8.24/chown.bc>:!250	6	</home/chrzissis/cclyzer-souffle/tests/coreutils-8.24/chown.bc>:!89
</home/chrzissis/cclyzer-souffle/tests/coreutils-8.24/chown.bc>:!250	7	</home/chrzissis/cclyzer-souffle/tests/coreutils-8.24/chown.bc>:!92
</home/chrzissis/cclyzer-souffle/tests/coreutils-8.24/chown.bc>:!255	1	</home/chrzissis/cclyzer-souffle/tests/coreutils-8.24/chown.bc>:!30
</home/chrzissis/cclyzer-souffle/tests/coreutils-8.24/chown.bc>:!255	2	</home/chrzissis/cclyzer-souffle/tests/coreutils-8.24/chown.bc>:!82
</home/chrzissis/cclyzer-souffle/tests/coreutils-8.24/chown.bc>:!255	3	</home/chrzissis/cclyzer-souffle/tests/coreutils-8.24/chown.bc>:!30
</home/chrzissis/cclyzer-souffle/tests/coreutils-8.24/chown.bc>:!255	4	</home/chrzissis/cclyzer-souffle/tests/coreutils-8.24/chown.bc>:!30
</home/chrzissis/cclyzer-souffle/tests/coreutils-8.24/chown.bc>:!255	5	</home/chrzissis/cclyzer-souffle/tests/coreutils-8.24/chown.bc>:!30
</home/chrzissis/cclyzer-souffle/tests/coreutils-8.24/chown.bc>:!255	6	</home/chrzissis/cclyzer-souffle/tests/coreutils-8.24/chown.bc>:!30
</home/chrzissis/cclyzer-souffle/tests/coreutils-8.24/chown.bc>:!258	0	</home/chrzissis/cclyzer-souffle/tests/coreutils-8.24/chown.bc>:!10
</home/chrzissis/cclyzer-souffle/tests/coreutils-8.24/chown.bc>:!258	1	</home/chrzissis/cclyzer-souffle/tests/coreutils-8.24/chown.bc>:!30
</home/chrzissis/cclyzer-souffle/tests/coreutils-8.24/chown.bc>:!258	2	</home/chrzissis/cclyzer-souffle/tests/coreutils-8.24/chown.bc>:!30
</home/chrzissis/cclyzer-souffle/tests/coreutils-8.24/chown.bc>:!269	1	</home/chrzissis/cclyzer-souffle/tests/coreutils-8.24/chown.bc>:!103
</home/chrzissis/cclyzer-souffle/tests/coreutils-8.24/chown.bc>:!285	0	</home/chrzissis/cclyzer-souffle/tests/coreutils-8.24/chown.bc>:!17
</home/chrzissis/cclyzer-souffle/tests/coreutils-8.24/chown.bc>:!285	1	</home/chrzissis/cclyzer-souffle/tests/coreutils-8.24/chown.bc>:!17
</home/chrzissis/cclyzer-souffle/tests/coreutils-8.24/chown.bc>:!285	2	</home/chrzissis/cclyzer-souffle/tests/coreutils-8.24/chown.bc>:!30
</home/chrzissis/cclyzer-souffle/tests/coreutils-8.24/chown.bc>:!285	3	</home/chrzissis/cclyzer-souffle/tests/coreutils-8.24/chown.bc>:!89
</home/chrzissis/cclyzer-souffle/tests/coreutils-8.24/chown.bc>:!285	4	</home/chrzissis/cclyzer-souffle/tests/coreutils-8.24/chown.bc>:!92
</home/chrzissis/cclyzer-souffle/tests/coreutils-8.24/chown.bc>:!296	0	</home/chrzissis/cclyzer-souffle/tests/coreutils-8.24/chown.bc>:!10
</home/chrzissis/cclyzer-souffle/tests/coreutils-8.24/chown.bc>:!296	1	</home/chrzissis/cclyzer-souffle/tests/coreutils-8.24/chown.bc>:!291
</home/chrzissis/cclyzer-souffle/tests/coreutils-8.24/chown.bc>:!296	2	</home/chrzissis/cclyzer-souffle/tests/coreutils-8.24/chown.bc>:!10
</home/chrzissis/cclyzer-souffle/tests/coreutils-8.24/chown.bc>:!343	0	</home/chrzissis/cclyzer-souffle/tests/coreutils-8.24/chown.bc>:!345
</home/chrzissis/cclyzer-souffle/tests/coreutils-8.24/chown.bc>:!343	1	</home/chrzissis/cclyzer-souffle/tests/coreutils-8.24/chown.bc>:!345
</home/chrzissis/cclyzer-souffle/tests/coreutils-8.24/chown.bc>:!357	0	</home/chrzissis/cclyzer-souffle/tests/coreutils-8.24/chown.bc>:!308
</home/chrzissis/cclyzer-souffle/tests/coreutils-8.24/chown.bc>:!357	1	</home/chrzissis/cclyzer-souffle/tests/coreutils-8.24/chown.bc>:!345
</home/chrzissis/cclyzer-souffle/tests/coreutils-8.24/chown.bc>:!360	1	</home/chrzissis/cclyzer-souffle/tests/coreutils-8.24/chown.bc>:!345
</home/chrzissis/cclyzer-souffle/tests/coreutils-8.24/chown.bc>:!360	2	</home/chrzissis/cclyzer-souffle/tests/coreutils-8.24/chown.bc>:!308
</home/chrzissis/cclyzer-souffle/tests/coreutils-8.24/chown.bc>:!363	0	</home/chrzissis/cclyzer-souffle/tests/coreutils-8.24/chown.bc>:!17
</home/chrzissis/cclyzer-souffle/tests/coreutils-8.24/chown.bc>:!363	1	</home/chrzissis/cclyzer-souffle/tests/coreutils-8.24/chown.bc>:!345
</home/chrzissis/cclyzer-souffle/tests/coreutils-8.24/chown.bc>:!363	2	</home/chrzissis/cclyzer-souffle/tests/coreutils-8.24/chown.bc>:!11
</home/chrzissis/cclyzer-souffle/tests/coreutils-8.24/chown.bc>:!363	3	</home/chrzissis/cclyzer-souffle/tests/coreutils-8.24/chown.bc>:!17
</home/chrzissis/cclyzer-souffle/tests/coreutils-8.24/chown.bc>:!366	0	</home/chrzissis/cclyzer-souffle/tests/coreutils-8.24/chown.bc>:!17
</home/chrzissis/cclyzer-souffle/tests/coreutils-8.24/chown.bc>:!366	1	</home/chrzissis/cclyzer-souffle/tests/coreutils-8.24/chown.bc>:!345
</home/chrzissis/cclyzer-souffle/tests/coreutils-8.24/chown.bc>:!366	2	</home/chrzissis/cclyzer-souffle/tests/coreutils-8.24/chown.bc>:!17
</home/chrzissis/cclyzer-souffle/tests/coreutils-8.24/chown.bc>:!369	1	</home/chrzissis/cclyzer-souffle/tests/coreutils-8.24/chown.bc>:!345
</home/chrzissis/cclyzer-souffle/tests/coreutils-8.24/chown.bc>:!369	2	</home/chrzissis/cclyzer-souffle/tests/coreutils-8.24/chown.bc>:!30
</home/chrzissis/cclyzer-souffle/tests/coreutils-8.24/chown.bc>:!369	3	</home/chrzissis/cclyzer-souffle/tests/coreutils-8.24/chown.bc>:!30
</home/chrzissis/cclyzer-souffle/tests/coreutils-8.24/chown.bc>:!372	0	</home/chrzissis/cclyzer-souffle/tests/coreutils-8.24/chown.bc>:!154
</home/chrzissis/cclyzer-souffle/tests/coreutils-8.24/chown.bc>:!372	1	</home/chrzissis/cclyzer-souffle/tests/coreutils-8.24/chown.bc>:!10
</home/chrzissis/cclyzer-souffle/tests/coreutils-8.24/chown.bc>:!372	2	</home/chrzissis/cclyzer-souffle/tests/coreutils-8.24/chown.bc>:!154
</home/chrzissis/cclyzer-souffle/tests/coreutils-8.24/chown.bc>:!372	3	</home/chrzissis/cclyzer-souffle/tests/coreutils-8.24/chown.bc>:!30
</home/chrzissis/cclyzer-souffle/tests/coreutils-8.24/chown.bc>:!372	4	</home/chrzissis/cclyzer-souffle/tests/coreutils-8.24/chown.bc>:!154
</home/chrzissis/cclyzer-souffle/tests/coreutils-8.24/chown.bc>:!372	5	</home/chrzissis/cclyzer-souffle/tests/coreutils-8.24/chown.bc>:!374
</home/chrzissis/cclyzer-souffle/tests/coreutils-8.24/chown.bc>:!377	0	</home/chrzissis/cclyzer-souffle/tests/coreutils-8.24/chown.bc>:!10
</home/chrzissis/cclyzer-souffle/tests/coreutils-8.24/chown.bc>:!377	1	</home/chrzissis/cclyzer-souffle/tests/coreutils-8.24/chown.bc>:!30
</home/chrzissis/cclyzer-souffle/tests/coreutils-8.24/chown.bc>:!377	2	</home/chrzissis/cclyzer-souffle/tests/coreutils-8.24/chown.bc>:!154
</home/chrzissis/cclyzer-souffle/tests/coreutils-8.24/chown.bc>:!377	3	</home/chrzissis/cclyzer-souffle/tests/coreutils-8.24/chown.bc>:!374
</home/chrzissis/cclyzer-souffle/tests/coreutils-8.24/chown.bc>:!380	0	</home/chrzissis/cclyzer-souffle/tests/coreutils-8.24/chown.bc>:!10
</home/chrzissis/cclyzer-souffle/tests/coreutils-8.24/chown.bc>:!380	1	</home/chrzissis/cclyzer-souffle/tests/coreutils-8.24/chown.bc>:!30
</home/chrzissis/cclyzer-souffle/tests/coreutils-8.24/chown.bc>:!380	2	</home/chrzissis/cclyzer-souffle/tests/coreutils-8.24/chown.bc>:!154
</home/chrzissis/cclyzer-souffle/tests/coreutils-8.24/chown.bc>:!380	3	</home/chrzissis/cclyzer-souffle/tests/coreutils-8.24/chown.bc>:!382
</home/chrzissis/cclyzer-souffle/tests/coreutils-8.24/chown.bc>:!380	4	</home/chrzissis/cclyzer-souffle/tests/coreutils-8.24/chown.bc>:!374
</home/chrzissis/cclyzer-souffle/tests/coreutils-8.24/chown.bc>:!385	0	</home/chrzissis/cclyzer-souffle/tests/coreutils-8.24/chown.bc>:!10
</home/chrzissis/cclyzer-souffle/tests/coreutils-8.24/chown.bc>:!385	1	</home/chrzissis/cclyzer-souffle/tests/coreutils-8.24/chown.bc>:!17
</home/chrzissis/cclyzer-souffle/tests/coreutils-8.24/chown.bc>:!385	2	</home/chrzissis/cclyzer-souffle/tests/coreutils-8.24/chown.bc>:!30
</home/chrzissis/cclyzer-souffle/tests/coreutils-8.24/chown.bc>:!388	0	</home/chrzissis/cclyzer-souffle/tests/coreutils-8.24/chown.bc>:!10
</home/chrzissis/cclyzer-souffle/tests/coreutils-8.24/chown.bc>:!388	1	</home/chrzissis/cclyzer-souffle/tests/coreutils-8.24/chown.bc>:!17
</home/chrzissis/cclyzer-souffle/tests/coreutils-8.24/chown.bc>:!388	2	</home/chrzissis/cclyzer-souffle/tests/coreutils-8.24/chown.bc>:!30
</home/chrzissis/cclyzer-souffle/tests/coreutils-8.24/chown.bc>:!388	3	</home/chrzissis/cclyzer-souffle/tests/coreutils-8.24/chown.bc>:!154
</home/chrzissis/cclyzer-souffle/tests/coreutils-8.24/chown.bc>:!392	0	</home/chrzissis/cclyzer-souffle/tests/coreutils-8.24/chown.bc>:!10
</home/chrzissis/cclyzer-souffle/tests/coreutils-8.24/chown.bc>:!392	1	</home/chrzissis/cclyzer-souffle/tests/coreutils-8.24/chown.bc>:!30
</home/chrzissis/cclyzer-souffle/tests/coreutils-8.24/chown.bc>:!392	2	</home/chrzissis/cclyzer-souffle/tests/coreutils-8.24/chown.bc>:!154
</home/chrzissis/cclyzer-souffle/tests/coreutils-8.24/chown.bc>:!395	0	</home/chrzissis/cclyzer-souffle/tests/coreutils-8.24/chown.bc>:!10
</home/chrzissis/cclyzer-souffle/tests/coreutils-8.24/chown.bc>:!395	1	</home/chrzissis/cclyzer-souffle/tests/coreutils-8.24/chown.bc>:!17
</home/chrzissis/cclyzer-souffle/tests/coreutils-8.24/chown.bc>:!395	2	</home/chrzissis/cclyzer-souffle/tests/coreutils-8.24/chown.bc>:!308
</home/chrzissis/cclyzer-souffle/tests/coreutils-8.24/chown.bc>:!395	3	</home/chrzissis/cclyzer-souffle/tests/coreutils-8.24/chown.bc>:!30
</home/chrzissis/cclyzer-souffle/tests/coreutils-8.24/chown.bc>:!398	0	</home/chrzissis/cclyzer-souffle/tests/coreutils-8.24/chown.bc>:!10
</home/chrzissis/cclyzer-souffle/tests/coreutils-8.24/chown.bc>:!398	1	</home/chrzissis/cclyzer-souffle/tests/coreutils-8.24/chown.bc>:!17
</home/chrzissis/cclyzer-souffle/tests/coreutils-8.24/chown.bc>:!398	2	</home/chrzissis/cclyzer-souffle/tests/coreutils-8.24/chown.bc>:!308
</home/chrzissis/cclyzer-souffle/tests/coreutils-8.24/chown.bc>:!398	3	</home/chrzissis/cclyzer-souffle/tests/coreutils-8.24/chown.bc>:!30
</home/chrzissis/cclyzer-souffle/tests/coreutils-8.24/chown.bc>:!398	4	</home/chrzissis/cclyzer-souffle/tests/coreutils-8.24/chown.bc>:!154
</home/chrzissis/cclyzer-souffle/tests/coreutils-8.24/chown.bc>:!401	0	</home/chrzissis/cclyzer-souffle/tests/coreutils-8.24/chown.bc>:!10
</home/chrzissis/cclyzer-souffle/tests/coreutils-8.24/chown.bc>:!401	1	</home/chrzissis/cclyzer-souffle/tests/coreutils-8.24/chown.bc>:!308
</home/chrzissis/cclyzer-souffle/tests/coreutils-8.24/chown.bc>:!401	2	</home/chrzissis/cclyzer-souffle/tests/coreutils-8.24/chown.bc>:!30
</home/chrzissis/cclyzer-souffle/tests/coreutils-8.24/chown.bc>:!404	0	</home/chrzissis/cclyzer-souffle/tests/coreutils-8.24/chown.bc>:!10
</home/chrzissis/cclyzer-souffle/tests/coreutils-8.24/chown.bc>:!404	1	</home/chrzissis/cclyzer-souffle/tests/coreutils-8.24/chown.bc>:!308
</home/chrzissis/cclyzer-souffle/tests/coreutils-8.24/chown.bc>:!404	2	</home/chrzissis/cclyzer-souffle/tests/coreutils-8.24/chown.bc>:!30
</home/chrzissis/cclyzer-souffle/tests/coreutils-8.24/chown.bc>:!404	3	</home/chrzissis/cclyzer-souffle/tests/coreutils-8.24/chown.bc>:!154
</home/chrzissis/cclyzer-souffle/tests/coreutils-8.24/chown.bc>:!407	0	</home/chrzissis/cclyzer-souffle/tests/coreutils-8.24/chown.bc>:!10
</home/chrzissis/cclyzer-souffle/tests/coreutils-8.24/chown.bc>:!407	1	</home/chrzissis/cclyzer-souffle/tests/coreutils-8.24/chown.bc>:!30
</home/chrzissis/cclyzer-souffle/tests/coreutils-8.24/chown.bc>:!407	2	</home/chrzissis/cclyzer-souffle/tests/coreutils-8.24/chown.bc>:!154
</home/chrzissis/cclyzer-souffle/tests/coreutils-8.24/chown.bc>:!407	3	</home/chrzissis/cclyzer-souffle/tests/coreutils-8.24/chown.bc>:!11
</home/chrzissis/cclyzer-souffle/tests/coreutils-8.24/chown.bc>:!410	0	</home/chrzissis/cclyzer-souffle/tests/coreutils-8.24/chown.bc>:!10
</home/chrzissis/cclyzer-souffle/tests/coreutils-8.24/chown.bc>:!410	1	</home/chrzissis/cclyzer-souffle/tests/coreutils-8.24/chown.bc>:!30
</home/chrzissis/cclyzer-souffle/tests/coreutils-8.24/chown.bc>:!410	2	</home/chrzissis/cclyzer-souffle/tests/coreutils-8.24/chown.bc>:!11
</home/chrzissis/cclyzer-souffle/tests/coreutils-8.24/chown.bc>:!415	0	</home/chrzissis/cclyzer-souffle/tests/coreutils-8.24/chown.bc>:!10
</home/chrzissis/cclyzer-souffle/tests/coreutils-8.24/chown.bc>:!415	1	</home/chrzissis/cclyzer-souffle/tests/coreutils-8.24/chown.bc>:!17
</home/chrzissis/cclyzer-souffle/tests/coreutils-8.24/chown.bc>:!415	2	</home/chrzissis/cclyzer-souffle/tests/coreutils-8.24/chown.bc>:!30
</home/chrzissis/cclyzer-souffle/tests/coreutils-8.24/chown.bc>:!415	3	</home/chrzissis/cclyzer-souffle/tests/coreutils-8.24/chown.bc>:!30
</home/chrzissis/cclyzer-souffle/tests/coreutils-8.24/chown.bc>:!415	4	</home/chrzissis/cclyzer-souffle/tests/coreutils-8.24/chown.bc>:!30
</home/chrzissis/cclyzer-souffle/tests/coreutils-8.24/chown.bc>:!418	0	</home/chrzissis/cclyzer-souffle/tests/coreutils-8.24/chown.bc>:!10
</home/chrzissis/cclyzer-souffle/tests/coreutils-8.24/chown.bc>:!418	1	</home/chrzissis/cclyzer-souffle/tests/coreutils-8.24/chown.bc>:!17
</home/chrzissis/cclyzer-souffle/tests/coreutils-8.24/chown.bc>:!418	2	</home/chrzissis/cclyzer-souffle/tests/coreutils-8.24/chown.bc>:!30
</home/chrzissis/cclyzer-souffle/tests/coreutils-8.24/chown.bc>:!418	3	</home/chrzissis/cclyzer-souffle/tests/coreutils-8.24/chown.bc>:!30
</home/chrzissis/cclyzer-souffle/tests/coreutils-8.24/chown.bc>:!418	4	</home/chrzissis/cclyzer-souffle/tests/coreutils-8.24/chown.bc>:!30
</home/chrzissis/cclyzer-souffle/tests/coreutils-8.24/chown.bc>:!418	5	</home/chrzissis/cclyzer-souffle/tests/coreutils-8.24/chown.bc>:!154
</home/chrzissis/cclyzer-souffle/tests/coreutils-8.24/chown.bc>:!421	0	</home/chrzissis/cclyzer-souffle/tests/coreutils-8.24/chown.bc>:!10
</home/chrzissis/cclyzer-souffle/tests/coreutils-8.24/chown.bc>:!421	1	</home/chrzissis/cclyzer-souffle/tests/coreutils-8.24/chown.bc>:!30
</home/chrzissis/cclyzer-souffle/tests/coreutils-8.24/chown.bc>:!421	2	</home/chrzissis/cclyzer-souffle/tests/coreutils-8.24/chown.bc>:!30
</home/chrzissis/cclyzer-souffle/tests/coreutils-8.24/chown.bc>:!421	3	</home/chrzissis/cclyzer-souffle/tests/coreutils-8.24/chown.bc>:!30
</home/chrzissis/cclyzer-souffle/tests/coreutils-8.24/chown.bc>:!424	0	</home/chrzissis/cclyzer-souffle/tests/coreutils-8.24/chown.bc>:!10
</home/chrzissis/cclyzer-souffle/tests/coreutils-8.24/chown.bc>:!424	1	</home/chrzissis/cclyzer-souffle/tests/coreutils-8.24/chown.bc>:!30
</home/chrzissis/cclyzer-souffle/tests/coreutils-8.24/chown.bc>:!424	2	</home/chrzissis/cclyzer-souffle/tests/coreutils-8.24/chown.bc>:!30
</home/chrzissis/cclyzer-souffle/tests/coreutils-8.24/chown.bc>:!424	3	</home/chrzissis/cclyzer-souffle/tests/coreutils-8.24/chown.bc>:!30
</home/chrzissis/cclyzer-souffle/tests/coreutils-8.24/chown.bc>:!424	4	</home/chrzissis/cclyzer-souffle/tests/coreutils-8.24/chown.bc>:!154
</home/chrzissis/cclyzer-souffle/tests/coreutils-8.24/chown.bc>:!427	0	</home/chrzissis/cclyzer-souffle/tests/coreutils-8.24/chown.bc>:!30
</home/chrzissis/cclyzer-souffle/tests/coreutils-8.24/chown.bc>:!427	1	</home/chrzissis/cclyzer-souffle/tests/coreutils-8.24/chown.bc>:!17
</home/chrzissis/cclyzer-souffle/tests/coreutils-8.24/chown.bc>:!427	2	</home/chrzissis/cclyzer-souffle/tests/coreutils-8.24/chown.bc>:!30
</home/chrzissis/cclyzer-souffle/tests/coreutils-8.24/chown.bc>:!427	3	</home/chrzissis/cclyzer-souffle/tests/coreutils-8.24/chown.bc>:!154
</home/chrzissis/cclyzer-souffle/tests/coreutils-8.24/chown.bc>:!430	0	</home/chrzissis/cclyzer-souffle/tests/coreutils-8.24/chown.bc>:!30
</home/chrzissis/cclyzer-souffle/tests/coreutils-8.24/chown.bc>:!430	1	</home/chrzissis/cclyzer-souffle/tests/coreutils-8.24/chown.bc>:!30
</home/chrzissis/cclyzer-souffle/tests/coreutils-8.24/chown.bc>:!430	2	</home/chrzissis/cclyzer-souffle/tests/coreutils-8.24/chown.bc>:!154
</home/chrzissis/cclyzer-souffle/tests/coreutils-8.24/chown.bc>:!433	0	</home/chrzissis/cclyzer-souffle/tests/coreutils-8.24/chown.bc>:!30
</home/chrzissis/cclyzer-souffle/tests/coreutils-8.24/chown.bc>:!433	1	</home/chrzissis/cclyzer-souffle/tests/coreutils-8.24/chown.bc>:!17
</home/chrzissis/cclyzer-souffle/tests/coreutils-8.24/chown.bc>:!433	2	</home/chrzissis/cclyzer-souffle/tests/coreutils-8.24/chown.bc>:!30
</home/chrzissis/cclyzer-souffle/tests/coreutils-8.24/chown.bc>:!436	0	</home/chrzissis/cclyzer-souffle/tests/coreutils-8.24/chown.bc>:!30
</home/chrzissis/cclyzer-souffle/tests/coreutils-8.24/chown.bc>:!436	1	</home/chrzissis/cclyzer-souffle/tests/coreutils-8.24/chown.bc>:!30
</home/chrzissis/cclyzer-souffle/tests/coreutils-8.24/chown.bc>:!439	0	</home/chrzissis/cclyzer-souffle/tests/coreutils-8.24/chown.bc>:!154
</home/chrzissis/cclyzer-souffle/tests/coreutils-8.24/chown.bc>:!439	1	</home/chrzissis/cclyzer-souffle/tests/coreutils-8.24/chown.bc>:!10
</home/chrzissis/cclyzer-souffle/tests/coreutils-8.24/chown.bc>:!439	2	</home/chrzissis/cclyzer-souffle/tests/coreutils-8.24/chown.bc>:!154
</home/chrzissis/cclyzer-souffle/tests/coreutils-8.24/chown.bc>:!439	3	</home/chrzissis/cclyzer-souffle/tests/coreutils-8.24/chown.bc>:!30
</home/chrzissis/cclyzer-souffle/tests/coreutils-8.24/chown.bc>:!439	4	</home/chrzissis/cclyzer-souffle/tests/coreutils-8.24/chown.bc>:!154
</home/chrzissis/cclyzer-souffle/tests/coreutils-8.24/chown.bc>:!439	5	</home/chrzissis/cclyzer-souffle/tests/coreutils-8.24/chown.bc>:!308
</home/chrzissis/cclyzer-souffle/tests/coreutils-8.24/chown.bc>:!439	6	</home/chrzissis/cclyzer-souffle/tests/coreutils-8.24/chown.bc>:!17
</home/chrzissis/cclyzer-souffle/tests/coreutils-8.24/chown.bc>:!439	7	</home/chrzissis/cclyzer-souffle/tests/coreutils-8.24/chown.bc>:!441
</home/chrzissis/cclyzer-souffle/tests/coreutils-8.24/chown.bc>:!439	8	</home/chrzissis/cclyzer-souffle/tests/coreutils-8.24/chown.bc>:!30
</home/chrzissis/cclyzer-souffle/tests/coreutils-8.24/chown.bc>:!439	9	</home/chrzissis/cclyzer-souffle/tests/coreutils-8.24/chown.bc>:!30
</home/chrzissis/cclyzer-souffle/tests/coreutils-8.24/chown.bc>:!447	0	</home/chrzissis/cclyzer-souffle/tests/coreutils-8.24/chown.bc>:!10
</home/chrzissis/cclyzer-souffle/tests/coreutils-8.24/chown.bc>:!447	1	</home/chrzissis/cclyzer-souffle/tests/coreutils-8.24/chown.bc>:!17
</home/chrzissis/cclyzer-souffle/tests/coreutils-8.24/chown.bc>:!447	2	</home/chrzissis/cclyzer-souffle/tests/coreutils-8.24/chown.bc>:!30
</home/chrzissis/cclyzer-souffle/tests/coreutils-8.24/chown.bc>:!447	3	</home/chrzissis/cclyzer-souffle/tests/coreutils-8.24/chown.bc>:!154
</home/chrzissis/cclyzer-souffle/tests/coreutils-8.24/chown.bc>:!447	4	</home/chrzissis/cclyzer-souffle/tests/coreutils-8.24/chown.bc>:!374
</home/chrzissis/cclyzer-souffle/tests/coreutils-8.24/chown.bc>:!450	0	</home/chrzissis/cclyzer-souffle/tests/coreutils-8.24/chown.bc>:!346
</home/chrzissis/cclyzer-souffle/tests/coreutils-8.24/chown.bc>:!450	1	</home/chrzissis/cclyzer-souffle/tests/coreutils-8.24/chown.bc>:!308
</home/chrzissis/cclyzer-souffle/tests/coreutils-8.24/chown.bc>:!444	0	</home/chrzissis/cclyzer-souffle/tests/coreutils-8.24/chown.bc>:!30
</home/chrzissis/cclyzer-souffle/tests/coreutils-8.24/chown.bc>:!444	1	</home/chrzissis/cclyzer-souffle/tests/coreutils-8.24/chown.bc>:!30
</home/chrzissis/cclyzer-souffle/tests/coreutils-8.24/chown.bc>:!444	2	</home/chrzissis/cclyzer-souffle/tests/coreutils-8.24/chown.bc>:!308
</home/chrzissis/cclyzer-souffle/tests/coreutils-8.24/chown.bc>:!479	0	</home/chrzissis/cclyzer-souffle/tests/coreutils-8.24/chown.bc>:!481
</home/chrzissis/cclyzer-souffle/tests/coreutils-8.24/chown.bc>:!479	1	</home/chrzissis/cclyzer-souffle/tests/coreutils-8.24/chown.bc>:!481
</home/chrzissis/cclyzer-souffle/tests/coreutils-8.24/chown.bc>:!500	0	</home/chrzissis/cclyzer-souffle/tests/coreutils-8.24/chown.bc>:!30
</home/chrzissis/cclyzer-souffle/tests/coreutils-8.24/chown.bc>:!500	1	</home/chrzissis/cclyzer-souffle/tests/coreutils-8.24/chown.bc>:!30
</home/chrzissis/cclyzer-souffle/tests/coreutils-8.24/chown.bc>:!500	2	</home/chrzissis/cclyzer-souffle/tests/coreutils-8.24/chown.bc>:!502
</home/chrzissis/cclyzer-souffle/tests/coreutils-8.24/chown.bc>:!500	3	</home/chrzissis/cclyzer-souffle/tests/coreutils-8.24/chown.bc>:!503
</home/chrzissis/cclyzer-souffle/tests/coreutils-8.24/chown.bc>:!500	4	</home/chrzissis/cclyzer-souffle/tests/coreutils-8.24/chown.bc>:!22
</home/chrzissis/cclyzer-souffle/tests/coreutils-8.24/chown.bc>:!500	5	</home/chrzissis/cclyzer-souffle/tests/coreutils-8.24/chown.bc>:!22
</home/chrzissis/cclyzer-souffle/tests/coreutils-8.24/chown.bc>:!505	0	</home/chrzissis/cclyzer-souffle/tests/coreutils-8.24/chown.bc>:!30
</home/chrzissis/cclyzer-souffle/tests/coreutils-8.24/chown.bc>:!505	1	</home/chrzissis/cclyzer-souffle/tests/coreutils-8.24/chown.bc>:!30
</home/chrzissis/cclyzer-souffle/tests/coreutils-8.24/chown.bc>:!505	2	</home/chrzissis/cclyzer-souffle/tests/coreutils-8.24/chown.bc>:!30
</home/chrzissis/cclyzer-souffle/tests/coreutils-8.24/chown.bc>:!505	3	</home/chrzissis/cclyzer-souffle/tests/coreutils-8.24/chown.bc>:!502
</home/chrzissis/cclyzer-souffle/tests/coreutils-8.24/chown.bc>:!505	4	</home/chrzissis/cclyzer-souffle/tests/coreutils-8.24/chown.bc>:!503
</home/chrzissis/cclyzer-souffle/tests/coreutils-8.24/chown.bc>:!505	5	</home/chrzissis/cclyzer-souffle/tests/coreutils-8.24/chown.bc>:!22
</home/chrzissis/cclyzer-souffle/tests/coreutils-8.24/chown.bc>:!505	6	</home/chrzissis/cclyzer-souffle/tests/coreutils-8.24/chown.bc>:!22
</home/chrzissis/cclyzer-souffle/tests/coreutils-8.24/chown.bc>:!520	1	</home/chrzissis/cclyzer-souffle/tests/coreutils-8.24/chown.bc>:!522
</home/chrzissis/cclyzer-souffle/tests/coreutils-8.24/chown.bc>:!520	2	</home/chrzissis/cclyzer-souffle/tests/coreutils-8.24/chown.bc>:!30
</home/chrzissis/cclyzer-souffle/tests/coreutils-8.24/chown.bc>:!520	3	</home/chrzissis/cclyzer-souffle/tests/coreutils-8.24/chown.bc>:!30
</home/chrzissis/cclyzer-souffle/tests/coreutils-8.24/chown.bc>:!520	4	</home/chrzissis/cclyzer-souffle/tests/coreutils-8.24/chown.bc>:!30
</home/chrzissis/cclyzer-souffle/tests/coreutils-8.24/chown.bc>:!520	5	</home/chrzissis/cclyzer-souffle/tests/coreutils-8.24/chown.bc>:!572
</home/chrzissis/cclyzer-souffle/tests/coreutils-8.24/chown.bc>:!520	6	</home/chrzissis/cclyzer-souffle/tests/coreutils-8.24/chown.bc>:!154
</home/chrzissis/cclyzer-souffle/tests/coreutils-8.24/chown.bc>:!574	1	</home/chrzissis/cclyzer-souffle/tests/coreutils-8.24/chown.bc>:!522
</home/chrzissis/cclyzer-souffle/tests/coreutils-8.24/chown.bc>:!574	2	</home/chrzissis/cclyzer-souffle/tests/coreutils-8.24/chown.bc>:!30
</home/chrzissis/cclyzer-souffle/tests/coreutils-8.24/chown.bc>:!574	3	</home/chrzissis/cclyzer-souffle/tests/coreutils-8.24/chown.bc>:!30
</home/chrzissis/cclyzer-souffle/tests/coreutils-8.24/chown.bc>:!574	4	</home/chrzissis/cclyzer-souffle/tests/coreutils-8.24/chown.bc>:!30
</home/chrzissis/cclyzer-souffle/tests/coreutils-8.24/chown.bc>:!574	5	</home/chrzissis/cclyzer-souffle/tests/coreutils-8.24/chown.bc>:!572
</home/chrzissis/cclyzer-souffle/tests/coreutils-8.24/chown.bc>:!577	1	</home/chrzissis/cclyzer-souffle/tests/coreutils-8.24/chown.bc>:!522
</home/chrzissis/cclyzer-souffle/tests/coreutils-8.24/chown.bc>:!577	2	</home/chrzissis/cclyzer-souffle/tests/coreutils-8.24/chown.bc>:!30
</home/chrzissis/cclyzer-souffle/tests/coreutils-8.24/chown.bc>:!577	3	</home/chrzissis/cclyzer-souffle/tests/coreutils-8.24/chown.bc>:!30
</home/chrzissis/cclyzer-souffle/tests/coreutils-8.24/chown.bc>:!577	4	</home/chrzissis/cclyzer-souffle/tests/coreutils-8.24/chown.bc>:!30
</home/chrzissis/cclyzer-souffle/tests/coreutils-8.24/chown.bc>:!577	5	</home/chrzissis/cclyzer-souffle/tests/coreutils-8.24/chown.bc>:!579
</home/chrzissis/cclyzer-souffle/tests/coreutils-8.24/chown.bc>:!588	1	</home/chrzissis/cclyzer-souffle/tests/coreutils-8.24/chown.bc>:!522
</home/chrzissis/cclyzer-souffle/tests/coreutils-8.24/chown.bc>:!588	2	</home/chrzissis/cclyzer-souffle/tests/coreutils-8.24/chown.bc>:!30
</home/chrzissis/cclyzer-souffle/tests/coreutils-8.24/chown.bc>:!588	3	</home/chrzissis/cclyzer-souffle/tests/coreutils-8.24/chown.bc>:!30
</home/chrzissis/cclyzer-souffle/tests/coreutils-8.24/chown.bc>:!588	4	</home/chrzissis/cclyzer-souffle/tests/coreutils-8.24/chown.bc>:!30
</home/chrzissis/cclyzer-souffle/tests/coreutils-8.24/chown.bc>:!611	0	</home/chrzissis/cclyzer-souffle/tests/coreutils-8.24/chown.bc>:!12
</home/chrzissis/cclyzer-souffle/tests/coreutils-8.24/chown.bc>:!611	1	</home/chrzissis/cclyzer-souffle/tests/coreutils-8.24/chown.bc>:!154
</home/chrzissis/cclyzer-souffle/tests/coreutils-8.24/chown.bc>:!611	2	</home/chrzissis/cclyzer-souffle/tests/coreutils-8.24/chown.bc>:!154
</home/chrzissis/cclyzer-souffle/tests/coreutils-8.24/chown.bc>:!620	0	</home/chrzissis/cclyzer-souffle/tests/coreutils-8.24/chown.bc>:!12
</home/chrzissis/cclyzer-souffle/tests/coreutils-8.24/chown.bc>:!620	1	</home/chrzissis/cclyzer-souffle/tests/coreutils-8.24/chown.bc>:!154
</home/chrzissis/cclyzer-souffle/tests/coreutils-8.24/chown.bc>:!614	0	</home/chrzissis/cclyzer-souffle/tests/coreutils-8.24/chown.bc>:!12
</home/chrzissis/cclyzer-souffle/tests/coreutils-8.24/chown.bc>:!614	1	</home/chrzissis/cclyzer-souffle/tests/coreutils-8.24/chown.bc>:!12
</home/chrzissis/cclyzer-souffle/tests/coreutils-8.24/chown.bc>:!614	2	</home/chrzissis/cclyzer-souffle/tests/coreutils-8.24/chown.bc>:!154
</home/chrzissis/cclyzer-souffle/tests/coreutils-8.24/chown.bc>:!614	3	</home/chrzissis/cclyzer-souffle/tests/coreutils-8.24/chown.bc>:!154
</home/chrzissis/cclyzer-souffle/tests/coreutils-8.24/chown.bc>:!623	0	</home/chrzissis/cclyzer-souffle/tests/coreutils-8.24/chown.bc>:!12
</home/chrzissis/cclyzer-souffle/tests/coreutils-8.24/chown.bc>:!623	1	</home/chrzissis/cclyzer-souffle/tests/coreutils-8.24/chown.bc>:!12
</home/chrzissis/cclyzer-souffle/tests/coreutils-8.24/chown.bc>:!623	2	</home/chrzissis/cclyzer-souffle/tests/coreutils-8.24/chown.bc>:!154
</home/chrzissis/cclyzer-souffle/tests/coreutils-8.24/chown.bc>:!604	0	</home/chrzissis/cclyzer-souffle/tests/coreutils-8.24/chown.bc>:!12
</home/chrzissis/cclyzer-souffle/tests/coreutils-8.24/chown.bc>:!604	1	</home/chrzissis/cclyzer-souffle/tests/coreutils-8.24/chown.bc>:!12
</home/chrzissis/cclyzer-souffle/tests/coreutils-8.24/chown.bc>:!604	2	</home/chrzissis/cclyzer-souffle/tests/coreutils-8.24/chown.bc>:!382
</home/chrzissis/cclyzer-souffle/tests/coreutils-8.24/chown.bc>:!604	3	</home/chrzissis/cclyzer-souffle/tests/coreutils-8.24/chown.bc>:!154
</home/chrzissis/cclyzer-souffle/tests/coreutils-8.24/chown.bc>:!617	0	</home/chrzissis/cclyzer-souffle/tests/coreutils-8.24/chown.bc>:!10
</home/chrzissis/cclyzer-souffle/tests/coreutils-8.24/chown.bc>:!617	1	</home/chrzissis/cclyzer-souffle/tests/coreutils-8.24/chown.bc>:!154
</home/chrzissis/cclyzer-souffle/tests/coreutils-8.24/chown.bc>:!626	0	</home/chrzissis/cclyzer-souffle/tests/coreutils-8.24/chown.bc>:!12
</home/chrzissis/cclyzer-souffle/tests/coreutils-8.24/chown.bc>:!626	1	</home/chrzissis/cclyzer-souffle/tests/coreutils-8.24/chown.bc>:!12
</home/chrzissis/cclyzer-souffle/tests/coreutils-8.24/chown.bc>:!626	2	</home/chrzissis/cclyzer-souffle/tests/coreutils-8.24/chown.bc>:!382
</home/chrzissis/cclyzer-souffle/tests/coreutils-8.24/chown.bc>:!631	0	</home/chrzissis/cclyzer-souffle/tests/coreutils-8.24/chown.bc>:!12
</home/chrzissis/cclyzer-souffle/tests/coreutils-8.24/chown.bc>:!631	1	</home/chrzissis/cclyzer-souffle/tests/coreutils-8.24/chown.bc>:!633
</home/chrzissis/cclyzer-souffle/tests/coreutils-8.24/chown.bc>:!631	2	</home/chrzissis/cclyzer-souffle/tests/coreutils-8.24/chown.bc>:!154
</home/chrzissis/cclyzer-souffle/tests/coreutils-8.24/chown.bc>:!707	0	</home/chrzissis/cclyzer-souffle/tests/coreutils-8.24/chown.bc>:!17
</home/chrzissis/cclyzer-souffle/tests/coreutils-8.24/chown.bc>:!707	1	</home/chrzissis/cclyzer-souffle/tests/coreutils-8.24/chown.bc>:!709
</home/chrzissis/cclyzer-souffle/tests/coreutils-8.24/chown.bc>:!707	2	</home/chrzissis/cclyzer-souffle/tests/coreutils-8.24/chown.bc>:!709
</home/chrzissis/cclyzer-souffle/tests/coreutils-8.24/chown.bc>:!644	0	</home/chrzissis/cclyzer-souffle/tests/coreutils-8.24/chown.bc>:!646
</home/chrzissis/cclyzer-souffle/tests/coreutils-8.24/chown.bc>:!644	1	</home/chrzissis/cclyzer-souffle/tests/coreutils-8.24/chown.bc>:!728
</home/chrzissis/cclyzer-souffle/tests/coreutils-8.24/chown.bc>:!644	2	</home/chrzissis/cclyzer-souffle/tests/coreutils-8.24/chown.bc>:!17
</home/chrzissis/cclyzer-souffle/tests/coreutils-8.24/chown.bc>:!731	0	</home/chrzissis/cclyzer-souffle/tests/coreutils-8.24/chown.bc>:!17
</home/chrzissis/cclyzer-souffle/tests/coreutils-8.24/chown.bc>:!731	1	</home/chrzissis/cclyzer-souffle/tests/coreutils-8.24/chown.bc>:!733
</home/chrzissis/cclyzer-souffle/tests/coreutils-8.24/chown.bc>:!731	2	</home/chrzissis/cclyzer-souffle/tests/coreutils-8.24/chown.bc>:!733
</home/chrzissis/cclyzer-souffle/tests/coreutils-8.24/chown.bc>:!644	3	</home/chrzissis/cclyzer-souffle/tests/coreutils-8.24/chown.bc>:!730
</home/chrzissis/cclyzer-souffle/tests/coreutils-8.24/chown.bc>:!738	0	</home/chrzissis/cclyzer-souffle/tests/coreutils-8.24/chown.bc>:!103
</home/chrzissis/cclyzer-souffle/tests/coreutils-8.24/chown.bc>:!738	1	</home/chrzissis/cclyzer-souffle/tests/coreutils-8.24/chown.bc>:!740
</home/chrzissis/cclyzer-souffle/tests/coreutils-8.24/chown.bc>:!738	2	</home/chrzissis/cclyzer-souffle/tests/coreutils-8.24/chown.bc>:!734
</home/chrzissis/cclyzer-souffle/tests/coreutils-8.24/chown.bc>:!749	0	</home/chrzissis/cclyzer-souffle/tests/coreutils-8.24/chown.bc>:!751
</home/chrzissis/cclyzer-souffle/tests/coreutils-8.24/chown.bc>:!749	1	</home/chrzissis/cclyzer-souffle/tests/coreutils-8.24/chown.bc>:!30
</home/chrzissis/cclyzer-souffle/tests/coreutils-8.24/chown.bc>:!749	2	</home/chrzissis/cclyzer-souffle/tests/coreutils-8.24/chown.bc>:!22
</home/chrzissis/cclyzer-souffle/tests/coreutils-8.24/chown.bc>:!749	3	</home/chrzissis/cclyzer-souffle/tests/coreutils-8.24/chown.bc>:!17
</home/chrzissis/cclyzer-souffle/tests/coreutils-8.24/chown.bc>:!749	4	</home/chrzissis/cclyzer-souffle/tests/coreutils-8.24/chown.bc>:!752
</home/chrzissis/cclyzer-souffle/tests/coreutils-8.24/chown.bc>:!749	5	</home/chrzissis/cclyzer-souffle/tests/coreutils-8.24/chown.bc>:!30
</home/chrzissis/cclyzer-souffle/tests/coreutils-8.24/chown.bc>:!754	0	</home/chrzissis/cclyzer-souffle/tests/coreutils-8.24/chown.bc>:!751
</home/chrzissis/cclyzer-souffle/tests/coreutils-8.24/chown.bc>:!754	1	</home/chrzissis/cclyzer-souffle/tests/coreutils-8.24/chown.bc>:!752
</home/chrzissis/cclyzer-souffle/tests/coreutils-8.24/chown.bc>:!754	2	</home/chrzissis/cclyzer-souffle/tests/coreutils-8.24/chown.bc>:!17
</home/chrzissis/cclyzer-souffle/tests/coreutils-8.24/chown.bc>:!757	0	</home/chrzissis/cclyzer-souffle/tests/coreutils-8.24/chown.bc>:!751
</home/chrzissis/cclyzer-souffle/tests/coreutils-8.24/chown.bc>:!757	1	</home/chrzissis/cclyzer-souffle/tests/coreutils-8.24/chown.bc>:!752
</home/chrzissis/cclyzer-souffle/tests/coreutils-8.24/chown.bc>:!757	2	</home/chrzissis/cclyzer-souffle/tests/coreutils-8.24/chown.bc>:!17
</home/chrzissis/cclyzer-souffle/tests/coreutils-8.24/chown.bc>:!757	3	</home/chrzissis/cclyzer-souffle/tests/coreutils-8.24/chown.bc>:!17
</home/chrzissis/cclyzer-souffle/tests/coreutils-8.24/chown.bc>:!836	0	</home/chrzissis/cclyzer-souffle/tests/coreutils-8.24/chown.bc>:!17
</home/chrzissis/cclyzer-souffle/tests/coreutils-8.24/chown.bc>:!836	1	</home/chrzissis/cclyzer-souffle/tests/coreutils-8.24/chown.bc>:!838
</home/chrzissis/cclyzer-souffle/tests/coreutils-8.24/chown.bc>:!836	2	</home/chrzissis/cclyzer-souffle/tests/coreutils-8.24/chown.bc>:!838
</home/chrzissis/cclyzer-souffle/tests/coreutils-8.24/chown.bc>:!897	0	</home/chrzissis/cclyzer-souffle/tests/coreutils-8.24/chown.bc>:!775
</home/chrzissis/cclyzer-souffle/tests/coreutils-8.24/chown.bc>:!897	1	</home/chrzissis/cclyzer-souffle/tests/coreutils-8.24/chown.bc>:!728
</home/chrzissis/cclyzer-souffle/tests/coreutils-8.24/chown.bc>:!897	2	</home/chrzissis/cclyzer-souffle/tests/coreutils-8.24/chown.bc>:!17
</home/chrzissis/cclyzer-souffle/tests/coreutils-8.24/chown.bc>:!900	0	</home/chrzissis/cclyzer-souffle/tests/coreutils-8.24/chown.bc>:!17
</home/chrzissis/cclyzer-souffle/tests/coreutils-8.24/chown.bc>:!900	1	</home/chrzissis/cclyzer-souffle/tests/coreutils-8.24/chown.bc>:!891
</home/chrzissis/cclyzer-souffle/tests/coreutils-8.24/chown.bc>:!900	2	</home/chrzissis/cclyzer-souffle/tests/coreutils-8.24/chown.bc>:!891
</home/chrzissis/cclyzer-souffle/tests/coreutils-8.24/chown.bc>:!897	3	</home/chrzissis/cclyzer-souffle/tests/coreutils-8.24/chown.bc>:!899
</home/chrzissis/cclyzer-souffle/tests/coreutils-8.24/chown.bc>:!903	0	</home/chrzissis/cclyzer-souffle/tests/coreutils-8.24/chown.bc>:!17
</home/chrzissis/cclyzer-souffle/tests/coreutils-8.24/chown.bc>:!903	1	</home/chrzissis/cclyzer-souffle/tests/coreutils-8.24/chown.bc>:!775
</home/chrzissis/cclyzer-souffle/tests/coreutils-8.24/chown.bc>:!906	0	</home/chrzissis/cclyzer-souffle/tests/coreutils-8.24/chown.bc>:!908
</home/chrzissis/cclyzer-souffle/tests/coreutils-8.24/chown.bc>:!906	1	</home/chrzissis/cclyzer-souffle/tests/coreutils-8.24/chown.bc>:!775
</home/chrzissis/cclyzer-souffle/tests/coreutils-8.24/chown.bc>:!910	0	</home/chrzissis/cclyzer-souffle/tests/coreutils-8.24/chown.bc>:!17
</home/chrzissis/cclyzer-souffle/tests/coreutils-8.24/chown.bc>:!910	1	</home/chrzissis/cclyzer-souffle/tests/coreutils-8.24/chown.bc>:!775
</home/chrzissis/cclyzer-souffle/tests/coreutils-8.24/chown.bc>:!910	2	</home/chrzissis/cclyzer-souffle/tests/coreutils-8.24/chown.bc>:!908
</home/chrzissis/cclyzer-souffle/tests/coreutils-8.24/chown.bc>:!910	3	</home/chrzissis/cclyzer-souffle/tests/coreutils-8.24/chown.bc>:!17
</home/chrzissis/cclyzer-souffle/tests/coreutils-8.24/chown.bc>:!913	0	</home/chrzissis/cclyzer-souffle/tests/coreutils-8.24/chown.bc>:!908
</home/chrzissis/cclyzer-souffle/tests/coreutils-8.24/chown.bc>:!913	1	</home/chrzissis/cclyzer-souffle/tests/coreutils-8.24/chown.bc>:!775
</home/chrzissis/cclyzer-souffle/tests/coreutils-8.24/chown.bc>:!913	2	</home/chrzissis/cclyzer-souffle/tests/coreutils-8.24/chown.bc>:!17
</home/chrzissis/cclyzer-souffle/tests/coreutils-8.24/chown.bc>:!983	0	</home/chrzissis/cclyzer-souffle/tests/coreutils-8.24/chown.bc>:!154
</home/chrzissis/cclyzer-souffle/tests/coreutils-8.24/chown.bc>:!983	1	</home/chrzissis/cclyzer-souffle/tests/coreutils-8.24/chown.bc>:!728
</home/chrzissis/cclyzer-souffle/tests/coreutils-8.24/chown.bc>:!980	0	</home/chrzissis/cclyzer-souffle/tests/coreutils-8.24/chown.bc>:!103
</home/chrzissis/cclyzer-souffle/tests/coreutils-8.24/chown.bc>:!980	1	</home/chrzissis/cclyzer-souffle/tests/coreutils-8.24/chown.bc>:!775
</home/chrzissis/cclyzer-souffle/tests/coreutils-8.24/chown.bc>:!980	2	</home/chrzissis/cclyzer-souffle/tests/coreutils-8.24/chown.bc>:!154
</home/chrzissis/cclyzer-souffle/tests/coreutils-8.24/chown.bc>:!974	0	</home/chrzissis/cclyzer-souffle/tests/coreutils-8.24/chown.bc>:!908
</home/chrzissis/cclyzer-souffle/tests/coreutils-8.24/chown.bc>:!974	1	</home/chrzissis/cclyzer-souffle/tests/coreutils-8.24/chown.bc>:!775
</home/chrzissis/cclyzer-souffle/tests/coreutils-8.24/chown.bc>:!974	2	</home/chrzissis/cclyzer-souffle/tests/coreutils-8.24/chown.bc>:!30
</home/chrzissis/cclyzer-souffle/tests/coreutils-8.24/chown.bc>:!974	3	</home/chrzissis/cclyzer-souffle/tests/coreutils-8.24/chown.bc>:!154
</home/chrzissis/cclyzer-souffle/tests/coreutils-8.24/chown.bc>:!916	1	</home/chrzissis/cclyzer-souffle/tests/coreutils-8.24/chown.bc>:!908
</home/chrzissis/cclyzer-souffle/tests/coreutils-8.24/chown.bc>:!916	2	</home/chrzissis/cclyzer-souffle/tests/coreutils-8.24/chown.bc>:!103
</home/chrzissis/cclyzer-souffle/tests/coreutils-8.24/chown.bc>:!967	0	</home/chrzissis/cclyzer-souffle/tests/coreutils-8.24/chown.bc>:!164
</home/chrzissis/cclyzer-souffle/tests/coreutils-8.24/chown.bc>:!967	1	</home/chrzissis/cclyzer-souffle/tests/coreutils-8.24/chown.bc>:!775
</home/chrzissis/cclyzer-souffle/tests/coreutils-8.24/chown.bc>:!967	2	</home/chrzissis/cclyzer-souffle/tests/coreutils-8.24/chown.bc>:!908
</home/chrzissis/cclyzer-souffle/tests/coreutils-8.24/chown.bc>:!967	3	</home/chrzissis/cclyzer-souffle/tests/coreutils-8.24/chown.bc>:!103
</home/chrzissis/cclyzer-souffle/tests/coreutils-8.24/chown.bc>:!970	0	</home/chrzissis/cclyzer-souffle/tests/coreutils-8.24/chown.bc>:!908
</home/chrzissis/cclyzer-souffle/tests/coreutils-8.24/chown.bc>:!970	1	</home/chrzissis/cclyzer-souffle/tests/coreutils-8.24/chown.bc>:!775
</home/chrzissis/cclyzer-souffle/tests/coreutils-8.24/chown.bc>:!970	2	</home/chrzissis/cclyzer-souffle/tests/coreutils-8.24/chown.bc>:!908
</home/chrzissis/cclyzer-souffle/tests/coreutils-8.24/chown.bc>:!970	3	</home/chrzissis/cclyzer-souffle/tests/coreutils-8.24/chown.bc>:!154
</home/chrzissis/cclyzer-souffle/tests/coreutils-8.24/chown.bc>:!773	0	</home/chrzissis/cclyzer-souffle/tests/coreutils-8.24/chown.bc>:!103
</home/chrzissis/cclyzer-souffle/tests/coreutils-8.24/chown.bc>:!773	1	</home/chrzissis/cclyzer-souffle/tests/coreutils-8.24/chown.bc>:!775
</home/chrzissis/cclyzer-souffle/tests/coreutils-8.24/chown.bc>:!925	0	</home/chrzissis/cclyzer-souffle/tests/coreutils-8.24/chown.bc>:!17
</home/chrzissis/cclyzer-souffle/tests/coreutils-8.24/chown.bc>:!925	1	</home/chrzissis/cclyzer-souffle/tests/coreutils-8.24/chown.bc>:!927
</home/chrzissis/cclyzer-souffle/tests/coreutils-8.24/chown.bc>:!925	2	</home/chrzissis/cclyzer-souffle/tests/coreutils-8.24/chown.bc>:!30
</home/chrzissis/cclyzer-souffle/tests/coreutils-8.24/chown.bc>:!977	1	</home/chrzissis/cclyzer-souffle/tests/coreutils-8.24/chown.bc>:!908
</home/chrzissis/cclyzer-souffle/tests/coreutils-8.24/chown.bc>:!930	1	</home/chrzissis/cclyzer-souffle/tests/coreutils-8.24/chown.bc>:!932
</home/chrzissis/cclyzer-souffle/tests/coreutils-8.24/chown.bc>:!934	1	</home/chrzissis/cclyzer-souffle/tests/coreutils-8.24/chown.bc>:!775
</home/chrzissis/cclyzer-souffle/tests/coreutils-8.24/chown.bc>:!937	1	</home/chrzissis/cclyzer-souffle/tests/coreutils-8.24/chown.bc>:!775
</home/chrzissis/cclyzer-souffle/tests/coreutils-8.24/chown.bc>:!937	2	</home/chrzissis/cclyzer-souffle/tests/coreutils-8.24/chown.bc>:!908
</home/chrzissis/cclyzer-souffle/tests/coreutils-8.24/chown.bc>:!986	0	</home/chrzissis/cclyzer-souffle/tests/coreutils-8.24/chown.bc>:!17
</home/chrzissis/cclyzer-souffle/tests/coreutils-8.24/chown.bc>:!986	1	</home/chrzissis/cclyzer-souffle/tests/coreutils-8.24/chown.bc>:!775
</home/chrzissis/cclyzer-souffle/tests/coreutils-8.24/chown.bc>:!986	2	</home/chrzissis/cclyzer-souffle/tests/coreutils-8.24/chown.bc>:!908
</home/chrzissis/cclyzer-souffle/tests/coreutils-8.24/chown.bc>:!986	3	</home/chrzissis/cclyzer-souffle/tests/coreutils-8.24/chown.bc>:!17
</home/chrzissis/cclyzer-souffle/tests/coreutils-8.24/chown.bc>:!986	4	</home/chrzissis/cclyzer-souffle/tests/coreutils-8.24/chown.bc>:!30
</home/chrzissis/cclyzer-souffle/tests/coreutils-8.24/chown.bc>:!942	0	</home/chrzissis/cclyzer-souffle/tests/coreutils-8.24/chown.bc>:!103
</home/chrzissis/cclyzer-souffle/tests/coreutils-8.24/chown.bc>:!942	1	</home/chrzissis/cclyzer-souffle/tests/coreutils-8.24/chown.bc>:!892
</home/chrzissis/cclyzer-souffle/tests/coreutils-8.24/chown.bc>:!950	0	</home/chrzissis/cclyzer-souffle/tests/coreutils-8.24/chown.bc>:!103
</home/chrzissis/cclyzer-souffle/tests/coreutils-8.24/chown.bc>:!950	1	</home/chrzissis/cclyzer-souffle/tests/coreutils-8.24/chown.bc>:!775
</home/chrzissis/cclyzer-souffle/tests/coreutils-8.24/chown.bc>:!950	2	</home/chrzissis/cclyzer-souffle/tests/coreutils-8.24/chown.bc>:!908
</home/chrzissis/cclyzer-souffle/tests/coreutils-8.24/chown.bc>:!953	1	</home/chrzissis/cclyzer-souffle/tests/coreutils-8.24/chown.bc>:!775
</home/chrzissis/cclyzer-souffle/tests/coreutils-8.24/chown.bc>:!953	2	</home/chrzissis/cclyzer-souffle/tests/coreutils-8.24/chown.bc>:!17
</home/chrzissis/cclyzer-souffle/tests/coreutils-8.24/chown.bc>:!953	3	</home/chrzissis/cclyzer-souffle/tests/coreutils-8.24/chown.bc>:!103
</home/chrzissis/cclyzer-souffle/tests/coreutils-8.24/chown.bc>:!919	0	</home/chrzissis/cclyzer-souffle/tests/coreutils-8.24/chown.bc>:!154
</home/chrzissis/cclyzer-souffle/tests/coreutils-8.24/chown.bc>:!919	1	</home/chrzissis/cclyzer-souffle/tests/coreutils-8.24/chown.bc>:!633
</home/chrzissis/cclyzer-souffle/tests/coreutils-8.24/chown.bc>:!919	2	</home/chrzissis/cclyzer-souffle/tests/coreutils-8.24/chown.bc>:!154
</home/chrzissis/cclyzer-souffle/tests/coreutils-8.24/chown.bc>:!922	0	</home/chrzissis/cclyzer-souffle/tests/coreutils-8.24/chown.bc>:!103
</home/chrzissis/cclyzer-souffle/tests/coreutils-8.24/chown.bc>:!922	1	</home/chrzissis/cclyzer-souffle/tests/coreutils-8.24/chown.bc>:!633
</home/chrzissis/cclyzer-souffle/tests/coreutils-8.24/chown.bc>:!922	2	</home/chrzissis/cclyzer-souffle/tests/coreutils-8.24/chown.bc>:!633
</home/chrzissis/cclyzer-souffle/tests/coreutils-8.24/chown.bc>:!947	0	</home/chrzissis/cclyzer-souffle/tests/coreutils-8.24/chown.bc>:!103
</home/chrzissis/cclyzer-souffle/tests/coreutils-8.24/chown.bc>:!947	1	</home/chrzissis/cclyzer-souffle/tests/coreutils-8.24/chown.bc>:!17
</home/chrzissis/cclyzer-souffle/tests/coreutils-8.24/chown.bc>:!957	0	</home/chrzissis/cclyzer-souffle/tests/coreutils-8.24/chown.bc>:!142
</home/chrzissis/cclyzer-souffle/tests/coreutils-8.24/chown.bc>:!957	1	</home/chrzissis/cclyzer-souffle/tests/coreutils-8.24/chown.bc>:!17
</home/chrzissis/cclyzer-souffle/tests/coreutils-8.24/chown.bc>:!957	2	</home/chrzissis/cclyzer-souffle/tests/coreutils-8.24/chown.bc>:!30
</home/chrzissis/cclyzer-souffle/tests/coreutils-8.24/chown.bc>:!957	3	</home/chrzissis/cclyzer-souffle/tests/coreutils-8.24/chown.bc>:!17
</home/chrzissis/cclyzer-souffle/tests/coreutils-8.24/chown.bc>:!957	4	</home/chrzissis/cclyzer-souffle/tests/coreutils-8.24/chown.bc>:!68
</home/chrzissis/cclyzer-souffle/tests/coreutils-8.24/chown.bc>:!960	1	</home/chrzissis/cclyzer-souffle/tests/coreutils-8.24/chown.bc>:!962
</home/chrzissis/cclyzer-souffle/tests/coreutils-8.24/chown.bc>:!960	2	</home/chrzissis/cclyzer-souffle/tests/coreutils-8.24/chown.bc>:!91
</home/chrzissis/cclyzer-souffle/tests/coreutils-8.24/chown.bc>:!889	0	</home/chrzissis/cclyzer-souffle/tests/coreutils-8.24/chown.bc>:!17
</home/chrzissis/cclyzer-souffle/tests/coreutils-8.24/chown.bc>:!889	1	</home/chrzissis/cclyzer-souffle/tests/coreutils-8.24/chown.bc>:!633
</home/chrzissis/cclyzer-souffle/tests/coreutils-8.24/chown.bc>:!889	2	</home/chrzissis/cclyzer-souffle/tests/coreutils-8.24/chown.bc>:!633
</home/chrzissis/cclyzer-souffle/tests/coreutils-8.24/chown.bc>:!992	0	</home/chrzissis/cclyzer-souffle/tests/coreutils-8.24/chown.bc>:!154
</home/chrzissis/cclyzer-souffle/tests/coreutils-8.24/chown.bc>:!992	1	</home/chrzissis/cclyzer-souffle/tests/coreutils-8.24/chown.bc>:!994
</home/chrzissis/cclyzer-souffle/tests/coreutils-8.24/chown.bc>:!992	2	</home/chrzissis/cclyzer-souffle/tests/coreutils-8.24/chown.bc>:!30
</home/chrzissis/cclyzer-souffle/tests/coreutils-8.24/chown.bc>:!992	3	</home/chrzissis/cclyzer-souffle/tests/coreutils-8.24/chown.bc>:!154
</home/chrzissis/cclyzer-souffle/tests/coreutils-8.24/chown.bc>:!992	4	</home/chrzissis/cclyzer-souffle/tests/coreutils-8.24/chown.bc>:!996
</home/chrzissis/cclyzer-souffle/tests/coreutils-8.24/chown.bc>:!1017	0	</home/chrzissis/cclyzer-souffle/tests/coreutils-8.24/chown.bc>:!17
</home/chrzissis/cclyzer-souffle/tests/coreutils-8.24/chown.bc>:!1017	1	</home/chrzissis/cclyzer-souffle/tests/coreutils-8.24/chown.bc>:!30
</home/chrzissis/cclyzer-souffle/tests/coreutils-8.24/chown.bc>:!1017	2	</home/chrzissis/cclyzer-souffle/tests/coreutils-8.24/chown.bc>:!30
</home/chrzissis/cclyzer-souffle/tests/coreutils-8.24/chown.bc>:!1023	0	</home/chrzissis/cclyzer-souffle/tests/coreutils-8.24/chown.bc>:!17
</home/chrzissis/cclyzer-souffle/tests/coreutils-8.24/chown.bc>:!1023	1	</home/chrzissis/cclyzer-souffle/tests/coreutils-8.24/chown.bc>:!17
</home/chrzissis/cclyzer-souffle/tests/coreutils-8.24/chown.bc>:!1023	2	</home/chrzissis/cclyzer-souffle/tests/coreutils-8.24/chown.bc>:!103
</home/chrzissis/cclyzer-souffle/tests/coreutils-8.24/chown.bc>:!1026	0	</home/chrzissis/cclyzer-souffle/tests/coreutils-8.24/chown.bc>:!17
</home/chrzissis/cclyzer-souffle/tests/coreutils-8.24/chown.bc>:!1026	1	</home/chrzissis/cclyzer-souffle/tests/coreutils-8.24/chown.bc>:!17
</home/chrzissis/cclyzer-souffle/tests/coreutils-8.24/chown.bc>:!1032	0	</home/chrzissis/cclyzer-souffle/tests/coreutils-8.24/chown.bc>:!17
</home/chrzissis/cclyzer-souffle/tests/coreutils-8.24/chown.bc>:!1032	1	</home/chrzissis/cclyzer-souffle/tests/coreutils-8.24/chown.bc>:!1034
</home/chrzissis/cclyzer-souffle/tests/coreutils-8.24/chown.bc>:!1078	1	</home/chrzissis/cclyzer-souffle/tests/coreutils-8.24/chown.bc>:!1080
</home/chrzissis/cclyzer-souffle/tests/coreutils-8.24/chown.bc>:!1091	0	</home/chrzissis/cclyzer-souffle/tests/coreutils-8.24/chown.bc>:!103
</home/chrzissis/cclyzer-souffle/tests/coreutils-8.24/chown.bc>:!1091	1	</home/chrzissis/cclyzer-souffle/tests/coreutils-8.24/chown.bc>:!1080
</home/chrzissis/cclyzer-souffle/tests/coreutils-8.24/chown.bc>:!1091	2	</home/chrzissis/cclyzer-souffle/tests/coreutils-8.24/chown.bc>:!1093
</home/chrzissis/cclyzer-souffle/tests/coreutils-8.24/chown.bc>:!1117	0	</home/chrzissis/cclyzer-souffle/tests/coreutils-8.24/chown.bc>:!103
</home/chrzissis/cclyzer-souffle/tests/coreutils-8.24/chown.bc>:!1117	1	</home/chrzissis/cclyzer-souffle/tests/coreutils-8.24/chown.bc>:!291
</home/chrzissis/cclyzer-souffle/tests/coreutils-8.24/chown.bc>:!1123	0	</home/chrzissis/cclyzer-souffle/tests/coreutils-8.24/chown.bc>:!17
</home/chrzissis/cclyzer-souffle/tests/coreutils-8.24/chown.bc>:!1123	1	</home/chrzissis/cclyzer-souffle/tests/coreutils-8.24/chown.bc>:!30
</home/chrzissis/cclyzer-souffle/tests/coreutils-8.24/chown.bc>:!1123	2	</home/chrzissis/cclyzer-souffle/tests/coreutils-8.24/chown.bc>:!17
</home/chrzissis/cclyzer-souffle/tests/coreutils-8.24/chown.bc>:!1130	0	</home/chrzissis/cclyzer-souffle/tests/coreutils-8.24/chown.bc>:!154
</home/chrzissis/cclyzer-souffle/tests/coreutils-8.24/chown.bc>:!1171	1	</home/chrzissis/cclyzer-souffle/tests/coreutils-8.24/chown.bc>:!12
</home/chrzissis/cclyzer-souffle/tests/coreutils-8.24/chown.bc>:!1130	1	</home/chrzissis/cclyzer-souffle/tests/coreutils-8.24/chown.bc>:!1132
</home/chrzissis/cclyzer-souffle/tests/coreutils-8.24/chown.bc>:!1178	0	</home/chrzissis/cclyzer-souffle/tests/coreutils-8.24/chown.bc>:!103
</home/chrzissis/cclyzer-souffle/tests/coreutils-8.24/chown.bc>:!1178	1	</home/chrzissis/cclyzer-souffle/tests/coreutils-8.24/chown.bc>:!1132
</home/chrzissis/cclyzer-souffle/tests/coreutils-8.24/chown.bc>:!1181	1	</home/chrzissis/cclyzer-souffle/tests/coreutils-8.24/chown.bc>:!1132
</home/chrzissis/cclyzer-souffle/tests/coreutils-8.24/chown.bc>:!1181	2	</home/chrzissis/cclyzer-souffle/tests/coreutils-8.24/chown.bc>:!1183
</home/chrzissis/cclyzer-souffle/tests/coreutils-8.24/chown.bc>:!1224	0	</home/chrzissis/cclyzer-souffle/tests/coreutils-8.24/chown.bc>:!12
</home/chrzissis/cclyzer-souffle/tests/coreutils-8.24/chown.bc>:!1224	1	</home/chrzissis/cclyzer-souffle/tests/coreutils-8.24/chown.bc>:!1132
</home/chrzissis/cclyzer-souffle/tests/coreutils-8.24/chown.bc>:!1224	2	</home/chrzissis/cclyzer-souffle/tests/coreutils-8.24/chown.bc>:!633
</home/chrzissis/cclyzer-souffle/tests/coreutils-8.24/chown.bc>:!1227	0	</home/chrzissis/cclyzer-souffle/tests/coreutils-8.24/chown.bc>:!12
</home/chrzissis/cclyzer-souffle/tests/coreutils-8.24/chown.bc>:!1227	1	</home/chrzissis/cclyzer-souffle/tests/coreutils-8.24/chown.bc>:!1132
</home/chrzissis/cclyzer-souffle/tests/coreutils-8.24/chown.bc>:!1231	0	</home/chrzissis/cclyzer-souffle/tests/coreutils-8.24/chown.bc>:!154
</home/chrzissis/cclyzer-souffle/tests/coreutils-8.24/chown.bc>:!1231	1	</home/chrzissis/cclyzer-souffle/tests/coreutils-8.24/chown.bc>:!1132
</home/chrzissis/cclyzer-souffle/tests/coreutils-8.24/chown.bc>:!1231	2	</home/chrzissis/cclyzer-souffle/tests/coreutils-8.24/chown.bc>:!1233
</home/chrzissis/cclyzer-souffle/tests/coreutils-8.24/chown.bc>:!1231	3	</home/chrzissis/cclyzer-souffle/tests/coreutils-8.24/chown.bc>:!154
</home/chrzissis/cclyzer-souffle/tests/coreutils-8.24/chown.bc>:!1235	0	</home/chrzissis/cclyzer-souffle/tests/coreutils-8.24/chown.bc>:!154
</home/chrzissis/cclyzer-souffle/tests/coreutils-8.24/chown.bc>:!1235	1	</home/chrzissis/cclyzer-souffle/tests/coreutils-8.24/chown.bc>:!1132
</home/chrzissis/cclyzer-souffle/tests/coreutils-8.24/chown.bc>:!1239	0	</home/chrzissis/cclyzer-souffle/tests/coreutils-8.24/chown.bc>:!103
</home/chrzissis/cclyzer-souffle/tests/coreutils-8.24/chown.bc>:!1239	1	</home/chrzissis/cclyzer-souffle/tests/coreutils-8.24/chown.bc>:!12
</home/chrzissis/cclyzer-souffle/tests/coreutils-8.24/chown.bc>:!1239	2	</home/chrzissis/cclyzer-souffle/tests/coreutils-8.24/chown.bc>:!12
</home/chrzissis/cclyzer-souffle/tests/coreutils-8.24/chown.bc>:!1235	2	</home/chrzissis/cclyzer-souffle/tests/coreutils-8.24/chown.bc>:!1237
</home/chrzissis/cclyzer-souffle/tests/coreutils-8.24/chown.bc>:!1235	3	</home/chrzissis/cclyzer-souffle/tests/coreutils-8.24/chown.bc>:!12
</home/chrzissis/cclyzer-souffle/tests/coreutils-8.24/chown.bc>:!1242	0	</home/chrzissis/cclyzer-souffle/tests/coreutils-8.24/chown.bc>:!154
</home/chrzissis/cclyzer-souffle/tests/coreutils-8.24/chown.bc>:!1242	1	</home/chrzissis/cclyzer-souffle/tests/coreutils-8.24/chown.bc>:!30
</home/chrzissis/cclyzer-souffle/tests/coreutils-8.24/chown.bc>:!1242	2	</home/chrzissis/cclyzer-souffle/tests/coreutils-8.24/chown.bc>:!154
</home/chrzissis/cclyzer-souffle/tests/coreutils-8.24/chown.bc>:!1245	1	</home/chrzissis/cclyzer-souffle/tests/coreutils-8.24/chown.bc>:!1247
</home/chrzissis/cclyzer-souffle/tests/coreutils-8.24/chown.bc>:!1249	0	</home/chrzissis/cclyzer-souffle/tests/coreutils-8.24/chown.bc>:!1251
</home/chrzissis/cclyzer-souffle/tests/coreutils-8.24/chown.bc>:!1249	1	</home/chrzissis/cclyzer-souffle/tests/coreutils-8.24/chown.bc>:!154
</home/chrzissis/cclyzer-souffle/tests/coreutils-8.24/chown.bc>:!1249	2	</home/chrzissis/cclyzer-souffle/tests/coreutils-8.24/chown.bc>:!1151
</home/chrzissis/cclyzer-souffle/tests/coreutils-8.24/chown.bc>:!1249	3	</home/chrzissis/cclyzer-souffle/tests/coreutils-8.24/chown.bc>:!1163
</home/chrzissis/cclyzer-souffle/tests/coreutils-8.24/chown.bc>:!1249	4	</home/chrzissis/cclyzer-souffle/tests/coreutils-8.24/chown.bc>:!1166
</home/chrzissis/cclyzer-souffle/tests/coreutils-8.24/chown.bc>:!1249	5	</home/chrzissis/cclyzer-souffle/tests/coreutils-8.24/chown.bc>:!1169
</home/chrzissis/cclyzer-souffle/tests/coreutils-8.24/chown.bc>:!1253	1	</home/chrzissis/cclyzer-souffle/tests/coreutils-8.24/chown.bc>:!1251
</home/chrzissis/cclyzer-souffle/tests/coreutils-8.24/chown.bc>:!1257	0	</home/chrzissis/cclyzer-souffle/tests/coreutils-8.24/chown.bc>:!103
</home/chrzissis/cclyzer-souffle/tests/coreutils-8.24/chown.bc>:!1257	1	</home/chrzissis/cclyzer-souffle/tests/coreutils-8.24/chown.bc>:!1251
</home/chrzissis/cclyzer-souffle/tests/coreutils-8.24/chown.bc>:!1257	2	</home/chrzissis/cclyzer-souffle/tests/coreutils-8.24/chown.bc>:!154
</home/chrzissis/cclyzer-souffle/tests/coreutils-8.24/chown.bc>:!1260	0	</home/chrzissis/cclyzer-souffle/tests/coreutils-8.24/chown.bc>:!17
</home/chrzissis/cclyzer-souffle/tests/coreutils-8.24/chown.bc>:!1260	1	</home/chrzissis/cclyzer-souffle/tests/coreutils-8.24/chown.bc>:!1251
</home/chrzissis/cclyzer-souffle/tests/coreutils-8.24/chown.bc>:!1260	2	</home/chrzissis/cclyzer-souffle/tests/coreutils-8.24/chown.bc>:!633
</home/chrzissis/cclyzer-souffle/tests/coreutils-8.24/chown.bc>:!1260	3	</home/chrzissis/cclyzer-souffle/tests/coreutils-8.24/chown.bc>:!1262
</home/chrzissis/cclyzer-souffle/tests/coreutils-8.24/chown.bc>:!1264	0	</home/chrzissis/cclyzer-souffle/tests/coreutils-8.24/chown.bc>:!12
</home/chrzissis/cclyzer-souffle/tests/coreutils-8.24/chown.bc>:!1264	1	</home/chrzissis/cclyzer-souffle/tests/coreutils-8.24/chown.bc>:!1251
</home/chrzissis/cclyzer-souffle/tests/coreutils-8.24/chown.bc>:!1264	2	</home/chrzissis/cclyzer-souffle/tests/coreutils-8.24/chown.bc>:!633
</home/chrzissis/cclyzer-souffle/tests/coreutils-8.24/chown.bc>:!1268	0	</home/chrzissis/cclyzer-souffle/tests/coreutils-8.24/chown.bc>:!1139
</home/chrzissis/cclyzer-souffle/tests/coreutils-8.24/chown.bc>:!1268	1	</home/chrzissis/cclyzer-souffle/tests/coreutils-8.24/chown.bc>:!1132
</home/chrzissis/cclyzer-souffle/tests/coreutils-8.24/chown.bc>:!1268	2	</home/chrzissis/cclyzer-souffle/tests/coreutils-8.24/chown.bc>:!633
</home/chrzissis/cclyzer-souffle/tests/coreutils-8.24/chown.bc>:!1273	0	</home/chrzissis/cclyzer-souffle/tests/coreutils-8.24/chown.bc>:!103
</home/chrzissis/cclyzer-souffle/tests/coreutils-8.24/chown.bc>:!1273	1	</home/chrzissis/cclyzer-souffle/tests/coreutils-8.24/chown.bc>:!1251
</home/chrzissis/cclyzer-souffle/tests/coreutils-8.24/chown.bc>:!1276	0	</home/chrzissis/cclyzer-souffle/tests/coreutils-8.24/chown.bc>:!154
</home/chrzissis/cclyzer-souffle/tests/coreutils-8.24/chown.bc>:!1276	1	</home/chrzissis/cclyzer-souffle/tests/coreutils-8.24/chown.bc>:!154
</home/chrzissis/cclyzer-souffle/tests/coreutils-8.24/chown.bc>:!1276	2	</home/chrzissis/cclyzer-souffle/tests/coreutils-8.24/chown.bc>:!1151
</home/chrzissis/cclyzer-souffle/tests/coreutils-8.24/chown.bc>:!1285	0	</home/chrzissis/cclyzer-souffle/tests/coreutils-8.24/chown.bc>:!103
</home/chrzissis/cclyzer-souffle/tests/coreutils-8.24/chown.bc>:!1285	1	</home/chrzissis/cclyzer-souffle/tests/coreutils-8.24/chown.bc>:!1251
</home/chrzissis/cclyzer-souffle/tests/coreutils-8.24/chown.bc>:!1285	2	</home/chrzissis/cclyzer-souffle/tests/coreutils-8.24/chown.bc>:!1251
</home/chrzissis/cclyzer-souffle/tests/coreutils-8.24/chown.bc>:!1285	3	</home/chrzissis/cclyzer-souffle/tests/coreutils-8.24/chown.bc>:!103
</home/chrzissis/cclyzer-souffle/tests/coreutils-8.24/chown.bc>:!1291	0	</home/chrzissis/cclyzer-souffle/tests/coreutils-8.24/chown.bc>:!12
</home/chrzissis/cclyzer-souffle/tests/coreutils-8.24/chown.bc>:!1291	1	</home/chrzissis/cclyzer-souffle/tests/coreutils-8.24/chown.bc>:!1251
</home/chrzissis/cclyzer-souffle/tests/coreutils-8.24/chown.bc>:!1291	2	</home/chrzissis/cclyzer-souffle/tests/coreutils-8.24/chown.bc>:!633
</home/chrzissis/cclyzer-souffle/tests/coreutils-8.24/chown.bc>:!1291	3	</home/chrzissis/cclyzer-souffle/tests/coreutils-8.24/chown.bc>:!1293
</home/chrzissis/cclyzer-souffle/tests/coreutils-8.24/chown.bc>:!1291	4	</home/chrzissis/cclyzer-souffle/tests/coreutils-8.24/chown.bc>:!103
</home/chrzissis/cclyzer-souffle/tests/coreutils-8.24/chown.bc>:!1295	0	</home/chrzissis/cclyzer-souffle/tests/coreutils-8.24/chown.bc>:!1139
</home/chrzissis/cclyzer-souffle/tests/coreutils-8.24/chown.bc>:!1295	1	</home/chrzissis/cclyzer-souffle/tests/coreutils-8.24/chown.bc>:!1251
</home/chrzissis/cclyzer-souffle/tests/coreutils-8.24/chown.bc>:!1279	0	</home/chrzissis/cclyzer-souffle/tests/coreutils-8.24/chown.bc>:!154
</home/chrzissis/cclyzer-souffle/tests/coreutils-8.24/chown.bc>:!1279	1	</home/chrzissis/cclyzer-souffle/tests/coreutils-8.24/chown.bc>:!154
</home/chrzissis/cclyzer-souffle/tests/coreutils-8.24/chown.bc>:!1282	0	</home/chrzissis/cclyzer-souffle/tests/coreutils-8.24/chown.bc>:!103
</home/chrzissis/cclyzer-souffle/tests/coreutils-8.24/chown.bc>:!1282	1	</home/chrzissis/cclyzer-souffle/tests/coreutils-8.24/chown.bc>:!154
</home/chrzissis/cclyzer-souffle/tests/coreutils-8.24/chown.bc>:!1288	1	</home/chrzissis/cclyzer-souffle/tests/coreutils-8.24/chown.bc>:!1251
</home/chrzissis/cclyzer-souffle/tests/coreutils-8.24/chown.bc>:!1288	2	</home/chrzissis/cclyzer-souffle/tests/coreutils-8.24/chown.bc>:!1139
</home/chrzissis/cclyzer-souffle/tests/coreutils-8.24/chown.bc>:!1307	1	</home/chrzissis/cclyzer-souffle/tests/coreutils-8.24/chown.bc>:!1309
</home/chrzissis/cclyzer-souffle/tests/coreutils-8.24/chown.bc>:!1307	2	</home/chrzissis/cclyzer-souffle/tests/coreutils-8.24/chown.bc>:!17
</home/chrzissis/cclyzer-souffle/tests/coreutils-8.24/chown.bc>:!1319	0	</home/chrzissis/cclyzer-souffle/tests/coreutils-8.24/chown.bc>:!103
</home/chrzissis/cclyzer-souffle/tests/coreutils-8.24/chown.bc>:!1319	1	</home/chrzissis/cclyzer-souffle/tests/coreutils-8.24/chown.bc>:!1321
</home/chrzissis/cclyzer-souffle/tests/coreutils-8.24/chown.bc>:!1324	0	</home/chrzissis/cclyzer-souffle/tests/coreutils-8.24/chown.bc>:!17
</home/chrzissis/cclyzer-souffle/tests/coreutils-8.24/chown.bc>:!1324	1	</home/chrzissis/cclyzer-souffle/tests/coreutils-8.24/chown.bc>:!1309
</home/chrzissis/cclyzer-souffle/tests/coreutils-8.24/chown.bc>:!1324	2	</home/chrzissis/cclyzer-souffle/tests/coreutils-8.24/chown.bc>:!17
</home/chrzissis/cclyzer-souffle/tests/coreutils-8.24/chown.bc>:!1327	0	</home/chrzissis/cclyzer-souffle/tests/coreutils-8.24/chown.bc>:!17
</home/chrzissis/cclyzer-souffle/tests/coreutils-8.24/chown.bc>:!1327	1	</home/chrzissis/cclyzer-souffle/tests/coreutils-8.24/chown.bc>:!1309
</home/chrzissis/cclyzer-souffle/tests/coreutils-8.24/chown.bc>:!1672	0	</home/chrzissis/cclyzer-souffle/tests/coreutils-8.24/chown.bc>:!30
</home/chrzissis/cclyzer-souffle/tests/coreutils-8.24/chown.bc>:!1682	0	</home/chrzissis/cclyzer-souffle/tests/coreutils-8.24/chown.bc>:!17
</home/chrzissis/cclyzer-souffle/tests/coreutils-8.24/chown.bc>:!1682	1	</home/chrzissis/cclyzer-souffle/tests/coreutils-8.24/chown.bc>:!17
</home/chrzissis/cclyzer-souffle/tests/coreutils-8.24/chown.bc>:!1682	2	</home/chrzissis/cclyzer-souffle/tests/coreutils-8.24/chown.bc>:!30
</home/chrzissis/cclyzer-souffle/tests/coreutils-8.24/chown.bc>:!1682	3	</home/chrzissis/cclyzer-souffle/tests/coreutils-8.24/chown.bc>:!17
</home/chrzissis/cclyzer-souffle/tests/coreutils-8.24/chown.bc>:!1696	0	</home/chrzissis/cclyzer-souffle/tests/coreutils-8.24/chown.bc>:!17
</home/chrzissis/cclyzer-souffle/tests/coreutils-8.24/chown.bc>:!1696	1	</home/chrzissis/cclyzer-souffle/tests/coreutils-8.24/chown.bc>:!1698
</home/chrzissis/cclyzer-souffle/tests/coreutils-8.24/chown.bc>:!1742	0	</home/chrzissis/cclyzer-souffle/tests/coreutils-8.24/chown.bc>:!17
</home/chrzissis/cclyzer-souffle/tests/coreutils-8.24/chown.bc>:!1742	1	</home/chrzissis/cclyzer-souffle/tests/coreutils-8.24/chown.bc>:!17
</home/chrzissis/cclyzer-souffle/tests/coreutils-8.24/chown.bc>:!1742	2	</home/chrzissis/cclyzer-souffle/tests/coreutils-8.24/chown.bc>:!17
</home/chrzissis/cclyzer-souffle/tests/coreutils-8.24/chown.bc>:!1750	0	</home/chrzissis/cclyzer-souffle/tests/coreutils-8.24/chown.bc>:!17
</home/chrzissis/cclyzer-souffle/tests/coreutils-8.24/chown.bc>:!1750	1	</home/chrzissis/cclyzer-souffle/tests/coreutils-8.24/chown.bc>:!1752
</home/chrzissis/cclyzer-souffle/tests/coreutils-8.24/chown.bc>:!1793	1	</home/chrzissis/cclyzer-souffle/tests/coreutils-8.24/chown.bc>:!1752
</home/chrzissis/cclyzer-souffle/tests/coreutils-8.24/chown.bc>:!1799	0	</home/chrzissis/cclyzer-souffle/tests/coreutils-8.24/chown.bc>:!17
</home/chrzissis/cclyzer-souffle/tests/coreutils-8.24/chown.bc>:!1799	1	</home/chrzissis/cclyzer-souffle/tests/coreutils-8.24/chown.bc>:!1801
</home/chrzissis/cclyzer-souffle/tests/coreutils-8.24/chown.bc>:!1799	2	</home/chrzissis/cclyzer-souffle/tests/coreutils-8.24/chown.bc>:!1841
</home/chrzissis/cclyzer-souffle/tests/coreutils-8.24/chown.bc>:!1799	3	</home/chrzissis/cclyzer-souffle/tests/coreutils-8.24/chown.bc>:!17
</home/chrzissis/cclyzer-souffle/tests/coreutils-8.24/chown.bc>:!1847	0	</home/chrzissis/cclyzer-souffle/tests/coreutils-8.24/chown.bc>:!1849
</home/chrzissis/cclyzer-souffle/tests/coreutils-8.24/chown.bc>:!1847	1	</home/chrzissis/cclyzer-souffle/tests/coreutils-8.24/chown.bc>:!1849
</home/chrzissis/cclyzer-souffle/tests/coreutils-8.24/chown.bc>:!1847	2	</home/chrzissis/cclyzer-souffle/tests/coreutils-8.24/chown.bc>:!17
</home/chrzissis/cclyzer-souffle/tests/coreutils-8.24/chown.bc>:!1852	0	</home/chrzissis/cclyzer-souffle/tests/coreutils-8.24/chown.bc>:!1854
</home/chrzissis/cclyzer-souffle/tests/coreutils-8.24/chown.bc>:!1852	1	</home/chrzissis/cclyzer-souffle/tests/coreutils-8.24/chown.bc>:!1854
</home/chrzissis/cclyzer-souffle/tests/coreutils-8.24/chown.bc>:!1852	2	</home/chrzissis/cclyzer-souffle/tests/coreutils-8.24/chown.bc>:!17
</home/chrzissis/cclyzer-souffle/tests/coreutils-8.24/chown.bc>:!1857	0	</home/chrzissis/cclyzer-souffle/tests/coreutils-8.24/chown.bc>:!154
</home/chrzissis/cclyzer-souffle/tests/coreutils-8.24/chown.bc>:!1857	1	</home/chrzissis/cclyzer-souffle/tests/coreutils-8.24/chown.bc>:!154
</home/chrzissis/cclyzer-souffle/tests/coreutils-8.24/chown.bc>:!1857	2	</home/chrzissis/cclyzer-souffle/tests/coreutils-8.24/chown.bc>:!17
</home/chrzissis/cclyzer-souffle/tests/coreutils-8.24/chown.bc>:!1861	0	</home/chrzissis/cclyzer-souffle/tests/coreutils-8.24/chown.bc>:!1863
</home/chrzissis/cclyzer-souffle/tests/coreutils-8.24/chown.bc>:!1861	1	</home/chrzissis/cclyzer-souffle/tests/coreutils-8.24/chown.bc>:!1863
</home/chrzissis/cclyzer-souffle/tests/coreutils-8.24/chown.bc>:!1861	2	</home/chrzissis/cclyzer-souffle/tests/coreutils-8.24/chown.bc>:!17
</home/chrzissis/cclyzer-souffle/tests/coreutils-8.24/chown.bc>:!1866	0	</home/chrzissis/cclyzer-souffle/tests/coreutils-8.24/chown.bc>:!1868
</home/chrzissis/cclyzer-souffle/tests/coreutils-8.24/chown.bc>:!1866	1	</home/chrzissis/cclyzer-souffle/tests/coreutils-8.24/chown.bc>:!1868
</home/chrzissis/cclyzer-souffle/tests/coreutils-8.24/chown.bc>:!1866	2	</home/chrzissis/cclyzer-souffle/tests/coreutils-8.24/chown.bc>:!17
